time,city,gas_reg,elec_reg
2012/9/1,新北市,"2,355,607","6,018"
2012/9/1,臺北市,"1,097,259","3,313"
2012/9/1,桃園市,"1,149,447","3,382"
2012/9/1,臺中市,"1,749,838","2,354"
2012/9/1,臺南市,"1,436,350","2,196"
2012/9/1,高雄市,"2,280,799","5,208"
2012/9/1,宜蘭縣,"297,198",220
2012/9/1,新竹縣,"290,298",470
2012/9/1,苗栗縣,"361,246",512
2012/9/1,彰化縣,"921,577",867
2012/9/1,南投縣,"357,695","1,023"
2012/9/1,雲林縣,"491,237",457
2012/9/1,嘉義縣,"373,111",341
2012/9/1,屏東縣,"705,024",903
2012/9/1,臺東縣,"176,124",158
2012/9/1,花蓮縣,"243,777",187
2012/9/1,澎湖縣,"71,202","2,061"
2012/9/1,基隆市,"194,963",156
2012/9/1,新竹市,"270,859",520
2012/9/1,嘉義市,"203,676",351
2012/9/1,金門縣,"45,896",147
2012/9/1,連江縣,"5,122",4
2012/10/1,新北市,"2,359,437","6,007"
2012/10/1,臺北市,"1,097,714","3,362"
2012/10/1,桃園市,"1,152,291","3,543"
2012/10/1,臺中市,"1,753,472","2,411"
2012/10/1,臺南市,"1,438,220","2,263"
2012/10/1,高雄市,"2,282,432","5,309"
2012/10/1,宜蘭縣,"297,601",235
2012/10/1,新竹縣,"291,062",472
2012/10/1,苗栗縣,"361,988",520
2012/10/1,彰化縣,"922,703",894
2012/10/1,南投縣,"358,177","1,045"
2012/10/1,雲林縣,"491,699",465
2012/10/1,嘉義縣,"373,410",341
2012/10/1,屏東縣,"706,251",910
2012/10/1,臺東縣,"176,055",161
2012/10/1,花蓮縣,"243,917",195
2012/10/1,澎湖縣,"71,220","2,094"
2012/10/1,基隆市,"195,251",159
2012/10/1,新竹市,"271,003",536
2012/10/1,嘉義市,"203,762",366
2012/10/1,金門縣,"46,195",155
2012/10/1,連江縣,"5,156",3
2012/11/1,新北市,"2,362,087","6,004"
2012/11/1,臺北市,"1,098,132","3,393"
2012/11/1,桃園市,"1,154,476","3,600"
2012/11/1,臺中市,"1,755,621","2,408"
2012/11/1,臺南市,"1,439,871","2,293"
2012/11/1,高雄市,"2,283,192","5,453"
2012/11/1,宜蘭縣,"297,592",266
2012/11/1,新竹縣,"291,472",480
2012/11/1,苗栗縣,"362,366",521
2012/11/1,彰化縣,"923,145",913
2012/11/1,南投縣,"358,484","1,051"
2012/11/1,雲林縣,"491,476",474
2012/11/1,嘉義縣,"373,776",343
2012/11/1,屏東縣,"707,118",912
2012/11/1,臺東縣,"176,292",164
2012/11/1,花蓮縣,"243,781",194
2012/11/1,澎湖縣,"71,265","2,120"
2012/11/1,基隆市,"195,138",161
2012/11/1,新竹市,"270,869",543
2012/11/1,嘉義市,"203,813",372
2012/11/1,金門縣,"46,444",159
2012/11/1,連江縣,"5,173",3
2012/12/1,新北市,"2,362,900","6,006"
2012/12/1,臺北市,"1,096,524","3,409"
2012/12/1,桃園市,"1,155,884","3,586"
2012/12/1,臺中市,"1,757,484","2,412"
2012/12/1,臺南市,"1,441,149","2,310"
2012/12/1,高雄市,"2,277,929","5,464"
2012/12/1,宜蘭縣,"297,895",267
2012/12/1,新竹縣,"291,760",482
2012/12/1,苗栗縣,"361,749",520
2012/12/1,彰化縣,"922,825",918
2012/12/1,南投縣,"358,740","1,052"
2012/12/1,雲林縣,"491,672",478
2012/12/1,嘉義縣,"374,076",346
2012/12/1,屏東縣,"704,038",909
2012/12/1,臺東縣,"175,705",159
2012/12/1,花蓮縣,"244,044",194
2012/12/1,澎湖縣,"71,325","2,135"
2012/12/1,基隆市,"195,163",163
2012/12/1,新竹市,"271,004",555
2012/12/1,嘉義市,"204,057",374
2012/12/1,金門縣,"46,587",160
2012/12/1,連江縣,"5,187",3
2013/1/1,新北市,"2,366,863","6,012"
2013/1/1,臺北市,"1,097,263","3,424"
2013/1/1,桃園市,"1,157,665","3,602"
2013/1/1,臺中市,"1,761,692","2,442"
2013/1/1,臺南市,"1,438,166","2,328"
2013/1/1,高雄市,"2,276,584","5,492"
2013/1/1,宜蘭縣,"298,403",276
2013/1/1,新竹縣,"291,755",487
2013/1/1,苗栗縣,"361,611",521
2013/1/1,彰化縣,"924,056",934
2013/1/1,南投縣,"358,899","1,056"
2013/1/1,雲林縣,"490,756",489
2013/1/1,嘉義縣,"373,087",348
2013/1/1,屏東縣,"704,422",932
2013/1/1,臺東縣,"175,991",160
2013/1/1,花蓮縣,"244,487",196
2013/1/1,澎湖縣,"71,403","2,138"
2013/1/1,基隆市,"195,245",163
2013/1/1,新竹市,"271,262",582
2013/1/1,嘉義市,"203,994",389
2013/1/1,金門縣,"46,727",162
2013/1/1,連江縣,"5,200",3
2013/2/1,新北市,"2,367,932","6,028"
2013/2/1,臺北市,"1,097,281","3,450"
2013/2/1,桃園市,"1,159,115","3,620"
2013/2/1,臺中市,"1,763,828","2,479"
2013/2/1,臺南市,"1,437,386","2,343"
2013/2/1,高雄市,"2,277,073","5,536"
2013/2/1,宜蘭縣,"298,906",278
2013/2/1,新竹縣,"292,182",493
2013/2/1,苗栗縣,"362,171",520
2013/2/1,彰化縣,"924,138",946
2013/2/1,南投縣,"359,393","1,058"
2013/2/1,雲林縣,"490,824",497
2013/2/1,嘉義縣,"372,842",355
2013/2/1,屏東縣,"705,168",935
2013/2/1,臺東縣,"175,787",159
2013/2/1,花蓮縣,"244,630",198
2013/2/1,澎湖縣,"71,546","2,201"
2013/2/1,基隆市,"195,513",164
2013/2/1,新竹市,"271,510",593
2013/2/1,嘉義市,"203,738",434
2013/2/1,金門縣,"46,956",163
2013/2/1,連江縣,"5,233",3
2013/3/1,新北市,"2,367,985","6,095"
2013/3/1,臺北市,"1,097,472","3,534"
2013/3/1,桃園市,"1,161,097","3,601"
2013/3/1,臺中市,"1,765,973","2,540"
2013/3/1,臺南市,"1,419,748","2,336"
2013/3/1,高雄市,"2,275,871","5,609"
2013/3/1,宜蘭縣,"298,750",279
2013/3/1,新竹縣,"292,925",497
2013/3/1,苗栗縣,"362,909",524
2013/3/1,彰化縣,"925,681",994
2013/3/1,南投縣,"359,924","1,061"
2013/3/1,雲林縣,"479,965",515
2013/3/1,嘉義縣,"366,090",374
2013/3/1,屏東縣,"699,667",945
2013/3/1,臺東縣,"176,283",164
2013/3/1,花蓮縣,"243,955",217
2013/3/1,澎湖縣,"71,888","2,374"
2013/3/1,基隆市,"195,251",164
2013/3/1,新竹市,"271,792",613
2013/3/1,嘉義市,"201,641",562
2013/3/1,金門縣,"47,214",169
2013/3/1,連江縣,"5,261",3
2013/4/1,新北市,"2,369,297","6,179"
2013/4/1,臺北市,"1,098,088","3,538"
2013/4/1,桃園市,"1,161,398","3,612"
2013/4/1,臺中市,"1,747,980","2,604"
2013/4/1,臺南市,"1,420,037","2,359"
2013/4/1,高雄市,"2,276,029","5,634"
2013/4/1,宜蘭縣,"298,743",285
2013/4/1,新竹縣,"293,362",507
2013/4/1,苗栗縣,"363,335",527
2013/4/1,彰化縣,"912,355","1,035"
2013/4/1,南投縣,"353,341","1,059"
2013/4/1,雲林縣,"479,948",538
2013/4/1,嘉義縣,"366,023",379
2013/4/1,屏東縣,"700,557",967
2013/4/1,臺東縣,"176,777",168
2013/4/1,花蓮縣,"243,893",220
2013/4/1,澎湖縣,"72,221","2,410"
2013/4/1,基隆市,"195,237",165
2013/4/1,新竹市,"271,988",644
2013/4/1,嘉義市,"201,910",564
2013/4/1,金門縣,"47,454",183
2013/4/1,連江縣,"5,300",3
2013/5/1,新北市,"2,372,945","6,233"
2013/5/1,臺北市,"1,100,031","3,587"
2013/5/1,桃園市,"1,163,511","3,665"
2013/5/1,臺中市,"1,750,628","2,640"
2013/5/1,臺南市,"1,420,304","2,374"
2013/5/1,高雄市,"2,277,775","5,663"
2013/5/1,宜蘭縣,"298,960",289
2013/5/1,新竹縣,"294,186",519
2013/5/1,苗栗縣,"364,028",528
2013/5/1,彰化縣,"912,822","1,074"
2013/5/1,南投縣,"353,559","1,058"
2013/5/1,雲林縣,"480,277",546
2013/5/1,嘉義縣,"366,360",384
2013/5/1,屏東縣,"701,727",966
2013/5/1,臺東縣,"177,085",169
2013/5/1,花蓮縣,"244,123",225
2013/5/1,澎湖縣,"72,403","2,774"
2013/5/1,基隆市,"195,586",167
2013/5/1,新竹市,"272,444",660
2013/5/1,嘉義市,"202,036",561
2013/5/1,金門縣,"47,696",185
2013/5/1,連江縣,"5,346",3
2013/6/1,新北市,"2,377,762","6,290"
2013/6/1,臺北市,"1,101,936","3,661"
2013/6/1,桃園市,"1,165,846","3,694"
2013/6/1,臺中市,"1,755,442","2,673"
2013/6/1,臺南市,"1,423,385","2,384"
2013/6/1,高雄市,"2,280,575","5,706"
2013/6/1,宜蘭縣,"299,692",294
2013/6/1,新竹縣,"295,126",523
2013/6/1,苗栗縣,"365,146",532
2013/6/1,彰化縣,"914,959","1,103"
2013/6/1,南投縣,"354,393","1,061"
2013/6/1,雲林縣,"481,411",590
2013/6/1,嘉義縣,"367,076",385
2013/6/1,屏東縣,"703,607",970
2013/6/1,臺東縣,"177,485",172
2013/6/1,花蓮縣,"244,524",235
2013/6/1,澎湖縣,"72,645","3,181"
2013/6/1,基隆市,"196,199",170
2013/6/1,新竹市,"272,954",663
2013/6/1,嘉義市,"202,354",566
2013/6/1,金門縣,"48,101",194
2013/6/1,連江縣,"5,434",3
2013/7/1,新北市,"2,380,831","6,322"
2013/7/1,臺北市,"1,100,752","3,698"
2013/7/1,桃園市,"1,168,463","3,773"
2013/7/1,臺中市,"1,759,177","2,730"
2013/7/1,臺南市,"1,423,542","2,403"
2013/7/1,高雄市,"2,283,170","5,782"
2013/7/1,宜蘭縣,"300,446",296
2013/7/1,新竹縣,"295,892",525
2013/7/1,苗栗縣,"364,841",541
2013/7/1,彰化縣,"916,534","1,144"
2013/7/1,南投縣,"354,942","1,081"
2013/7/1,雲林縣,"481,051",600
2013/7/1,嘉義縣,"367,102",392
2013/7/1,屏東縣,"705,168",977
2013/7/1,臺東縣,"177,865",174
2013/7/1,花蓮縣,"244,370",235
2013/7/1,澎湖縣,"72,751","3,387"
2013/7/1,基隆市,"196,635",171
2013/7/1,新竹市,"273,084",680
2013/7/1,嘉義市,"202,177",575
2013/7/1,金門縣,"48,567",196
2013/7/1,連江縣,"5,478",3
2013/8/1,新北市,"2,345,615","6,415"
2013/8/1,臺北市,"1,080,944","3,739"
2013/8/1,桃園市,"1,153,042","3,852"
2013/8/1,臺中市,"1,750,441","2,790"
2013/8/1,臺南市,"1,408,452","2,419"
2013/8/1,高雄市,"2,230,957","5,872"
2013/8/1,宜蘭縣,"292,215",300
2013/8/1,新竹縣,"289,845",529
2013/8/1,苗栗縣,"355,049",541
2013/8/1,彰化縣,"914,178","1,168"
2013/8/1,南投縣,"351,121","1,080"
2013/8/1,雲林縣,"477,766",619
2013/8/1,嘉義縣,"363,644",398
2013/8/1,屏東縣,"688,366",982
2013/8/1,臺東縣,"176,591",177
2013/8/1,花蓮縣,"239,360",236
2013/8/1,澎湖縣,"71,632","3,477"
2013/8/1,基隆市,"193,460",170
2013/8/1,新竹市,"267,278",686
2013/8/1,嘉義市,"198,679",575
2013/8/1,金門縣,"48,679",199
2013/8/1,連江縣,"5,488",3
2013/9/1,新北市,"2,271,422","6,471"
2013/9/1,臺北市,"1,052,722","3,790"
2013/9/1,桃園市,"1,125,055","3,896"
2013/9/1,臺中市,"1,688,899","2,829"
2013/9/1,臺南市,"1,330,822","2,421"
2013/9/1,高雄市,"2,106,699","5,902"
2013/9/1,宜蘭縣,"282,334",300
2013/9/1,新竹縣,"283,760",534
2013/9/1,苗栗縣,"341,166",541
2013/9/1,彰化縣,"869,212","1,193"
2013/9/1,南投縣,"333,236","1,080"
2013/9/1,雲林縣,"454,454",640
2013/9/1,嘉義縣,"344,984",405
2013/9/1,屏東縣,"655,970",966
2013/9/1,臺東縣,"170,614",223
2013/9/1,花蓮縣,"227,338",238
2013/9/1,澎湖縣,"69,991","3,469"
2013/9/1,基隆市,"188,394",171
2013/9/1,新竹市,"261,847",700
2013/9/1,嘉義市,"190,405",575
2013/9/1,金門縣,"47,695",201
2013/9/1,連江縣,"5,377",3
2013/10/1,新北市,"2,278,736","6,527"
2013/10/1,臺北市,"1,049,948","3,789"
2013/10/1,桃園市,"1,123,914","3,982"
2013/10/1,臺中市,"1,683,971","2,889"
2013/10/1,臺南市,"1,327,369","2,434"
2013/10/1,高雄市,"2,101,143","5,956"
2013/10/1,宜蘭縣,"282,086",306
2013/10/1,新竹縣,"283,948",535
2013/10/1,苗栗縣,"341,139",546
2013/10/1,彰化縣,"858,715","1,201"
2013/10/1,南投縣,"332,327","1,080"
2013/10/1,雲林縣,"452,873",658
2013/10/1,嘉義縣,"343,702",406
2013/10/1,屏東縣,"654,395",971
2013/10/1,臺東縣,"162,194",272
2013/10/1,花蓮縣,"228,931",238
2013/10/1,澎湖縣,"69,902","3,466"
2013/10/1,基隆市,"189,296",173
2013/10/1,新竹市,"261,627",720
2013/10/1,嘉義市,"189,742",572
2013/10/1,金門縣,"47,935",201
2013/10/1,連江縣,"5,391",3
2013/11/1,新北市,"2,277,070","6,540"
2013/11/1,臺北市,"1,049,673","3,819"
2013/11/1,桃園市,"1,124,194","4,031"
2013/11/1,臺中市,"1,683,172","2,945"
2013/11/1,臺南市,"1,325,539","2,447"
2013/11/1,高雄市,"2,099,635","6,088"
2013/11/1,宜蘭縣,"281,972",309
2013/11/1,新竹縣,"283,523",556
2013/11/1,苗栗縣,"340,867",546
2013/11/1,彰化縣,"857,162","1,224"
2013/11/1,南投縣,"331,903","1,078"
2013/11/1,雲林縣,"451,800",676
2013/11/1,嘉義縣,"342,739",412
2013/11/1,屏東縣,"654,122","1,029"
2013/11/1,臺東縣,"161,536",415
2013/11/1,花蓮縣,"228,386",237
2013/11/1,澎湖縣,"69,851","3,445"
2013/11/1,基隆市,"189,035",176
2013/11/1,新竹市,"261,493",724
2013/11/1,嘉義市,"189,186",572
2013/11/1,金門縣,"47,931",207
2013/11/1,連江縣,"5,396",3
2013/12/1,新北市,"2,262,420","6,707"
2013/12/1,臺北市,"1,030,975","3,831"
2013/12/1,桃園市,"1,121,306","4,084"
2013/12/1,臺中市,"1,675,435","2,950"
2013/12/1,臺南市,"1,318,499","2,477"
2013/12/1,高雄市,"2,083,235","6,287"
2013/12/1,宜蘭縣,"280,074",305
2013/12/1,新竹縣,"281,702",563
2013/12/1,苗栗縣,"338,857",547
2013/12/1,彰化縣,"850,823","1,237"
2013/12/1,南投縣,"329,563","1,075"
2013/12/1,雲林縣,"449,346",681
2013/12/1,嘉義縣,"341,008",432
2013/12/1,屏東縣,"648,651","1,027"
2013/12/1,臺東縣,"160,138",735
2013/12/1,花蓮縣,"226,933",237
2013/12/1,澎湖縣,"69,596","3,432"
2013/12/1,基隆市,"187,506",180
2013/12/1,新竹市,"260,353",731
2013/12/1,嘉義市,"187,372",564
2013/12/1,金門縣,"47,599",288
2013/12/1,連江縣,"5,289",3
2014/1/1,新北市,"2,261,434","6,658"
2014/1/1,臺北市,"1,032,457","3,868"
2014/1/1,桃園市,"1,122,778","4,091"
2014/1/1,臺中市,"1,676,748","2,958"
2014/1/1,臺南市,"1,320,191","2,484"
2014/1/1,高雄市,"2,085,476","6,277"
2014/1/1,宜蘭縣,"280,397",310
2014/1/1,新竹縣,"282,116",560
2014/1/1,苗栗縣,"338,487",546
2014/1/1,彰化縣,"851,435","1,239"
2014/1/1,南投縣,"329,936","1,072"
2014/1/1,雲林縣,"449,755",686
2014/1/1,嘉義縣,"341,321",434
2014/1/1,屏東縣,"643,154","1,046"
2014/1/1,臺東縣,"160,368",736
2014/1/1,花蓮縣,"226,736",239
2014/1/1,澎湖縣,"69,682","3,426"
2014/1/1,基隆市,"185,814",179
2014/1/1,新竹市,"260,917",738
2014/1/1,嘉義市,"188,036",581
2014/1/1,金門縣,"47,655",287
2014/1/1,連江縣,"5,313",3
2014/2/1,新北市,"2,259,881","6,641"
2014/2/1,臺北市,"1,034,241","3,894"
2014/2/1,桃園市,"1,124,062","4,108"
2014/2/1,臺中市,"1,678,748","2,967"
2014/2/1,臺南市,"1,321,832","2,485"
2014/2/1,高雄市,"2,080,025","6,275"
2014/2/1,宜蘭縣,"280,762",311
2014/2/1,新竹縣,"282,491",564
2014/2/1,苗栗縣,"338,598",549
2014/2/1,彰化縣,"851,837","1,239"
2014/2/1,南投縣,"330,335","1,073"
2014/2/1,雲林縣,"450,075",698
2014/2/1,嘉義縣,"341,587",433
2014/2/1,屏東縣,"638,652","1,056"
2014/2/1,臺東縣,"160,465",737
2014/2/1,花蓮縣,"225,857",240
2014/2/1,澎湖縣,"69,684","3,421"
2014/2/1,基隆市,"184,178",179
2014/2/1,新竹市,"261,091",738
2014/2/1,嘉義市,"188,206",579
2014/2/1,金門縣,"47,469",288
2014/2/1,連江縣,"5,321",3
2014/3/1,新北市,"2,248,661","6,597"
2014/3/1,臺北市,"989,525","3,886"
2014/3/1,桃園市,"1,124,131","4,304"
2014/3/1,臺中市,"1,679,697","3,104"
2014/3/1,臺南市,"1,323,365","2,492"
2014/3/1,高雄市,"2,076,151","6,279"
2014/3/1,宜蘭縣,"280,708",315
2014/3/1,新竹縣,"280,026",567
2014/3/1,苗栗縣,"338,932",551
2014/3/1,彰化縣,"853,073","1,236"
2014/3/1,南投縣,"329,979","1,066"
2014/3/1,雲林縣,"450,305",736
2014/3/1,嘉義縣,"341,728",437
2014/3/1,屏東縣,"636,328","1,060"
2014/3/1,臺東縣,"160,678",745
2014/3/1,花蓮縣,"223,738",240
2014/3/1,澎湖縣,"70,260","3,394"
2014/3/1,基隆市,"183,158",179
2014/3/1,新竹市,"261,380",747
2014/3/1,嘉義市,"188,389",598
2014/3/1,金門縣,"47,712",291
2014/3/1,連江縣,"5,311",3
2014/4/1,新北市,"2,243,788","6,575"
2014/4/1,臺北市,"1,022,807","3,898"
2014/4/1,桃園市,"1,123,518","4,439"
2014/4/1,臺中市,"1,675,566","3,153"
2014/4/1,臺南市,"1,323,118","2,506"
2014/4/1,高雄市,"2,075,489","6,301"
2014/4/1,宜蘭縣,"280,590",317
2014/4/1,新竹縣,"280,064",573
2014/4/1,苗栗縣,"338,759",552
2014/4/1,彰化縣,"831,603","1,240"
2014/4/1,南投縣,"329,931","1,068"
2014/4/1,雲林縣,"449,842",735
2014/4/1,嘉義縣,"341,591",445
2014/4/1,屏東縣,"635,981","1,059"
2014/4/1,臺東縣,"160,510",848
2014/4/1,花蓮縣,"222,838",240
2014/4/1,澎湖縣,"70,572","3,295"
2014/4/1,基隆市,"183,123",180
2014/4/1,新竹市,"261,639",758
2014/4/1,嘉義市,"188,362",603
2014/4/1,金門縣,"47,915",291
2014/4/1,連江縣,"5,370",3
2014/5/1,新北市,"2,222,374","6,601"
2014/5/1,臺北市,"987,971","3,903"
2014/5/1,桃園市,"1,123,004","4,470"
2014/5/1,臺中市,"1,644,192","3,196"
2014/5/1,臺南市,"1,297,065","2,510"
2014/5/1,高雄市,"2,071,189","6,306"
2014/5/1,宜蘭縣,"276,953",318
2014/5/1,新竹縣,"279,335",580
2014/5/1,苗栗縣,"336,716",550
2014/5/1,彰化縣,"828,011","1,252"
2014/5/1,南投縣,"322,087","1,069"
2014/5/1,雲林縣,"441,252",747
2014/5/1,嘉義縣,"333,798",447
2014/5/1,屏東縣,"635,132","1,061"
2014/5/1,臺東縣,"158,001",853
2014/5/1,花蓮縣,"216,577",240
2014/5/1,澎湖縣,"70,790","3,287"
2014/5/1,基隆市,"181,679",178
2014/5/1,新竹市,"261,870",761
2014/5/1,嘉義市,"183,704",614
2014/5/1,金門縣,"48,101",293
2014/5/1,連江縣,"5,346",3
2014/6/1,新北市,"2,216,524","6,642"
2014/6/1,臺北市,"986,912","3,924"
2014/6/1,桃園市,"1,104,274","4,549"
2014/6/1,臺中市,"1,644,489","3,340"
2014/6/1,臺南市,"1,298,525","2,520"
2014/6/1,高雄市,"2,016,562","6,318"
2014/6/1,宜蘭縣,"276,790",326
2014/6/1,新竹縣,"276,984",582
2014/6/1,苗栗縣,"329,851",553
2014/6/1,彰化縣,"826,625","1,263"
2014/6/1,南投縣,"318,756","1,066"
2014/6/1,雲林縣,"441,078",750
2014/6/1,嘉義縣,"334,227",451
2014/6/1,屏東縣,"622,167","1,068"
2014/6/1,臺東縣,"156,247",869
2014/6/1,花蓮縣,"215,342",241
2014/6/1,澎湖縣,"69,518","3,282"
2014/6/1,基隆市,"181,726",178
2014/6/1,新竹市,"257,954",766
2014/6/1,嘉義市,"184,017",629
2014/6/1,金門縣,"48,536",294
2014/6/1,連江縣,"5,432",3
2014/7/1,新北市,"2,186,251","6,608"
2014/7/1,臺北市,"977,070","3,983"
2014/7/1,桃園市,"1,097,633","4,643"
2014/7/1,臺中市,"1,637,779","3,368"
2014/7/1,臺南市,"1,286,156","2,534"
2014/7/1,高雄市,"2,006,059","6,303"
2014/7/1,宜蘭縣,"275,100",331
2014/7/1,新竹縣,"276,219",586
2014/7/1,苗栗縣,"327,721",556
2014/7/1,彰化縣,"821,352","1,274"
2014/7/1,南投縣,"315,888","1,072"
2014/7/1,雲林縣,"435,719",755
2014/7/1,嘉義縣,"330,934",456
2014/7/1,屏東縣,"617,933","1,066"
2014/7/1,臺東縣,"154,850",922
2014/7/1,花蓮縣,"213,765",242
2014/7/1,澎湖縣,"69,260","3,266"
2014/7/1,基隆市,"179,693",183
2014/7/1,新竹市,"256,333",773
2014/7/1,嘉義市,"181,768",638
2014/7/1,金門縣,"48,801",296
2014/7/1,連江縣,"5,465",3
2014/8/1,新北市,"2,194,424","6,728"
2014/8/1,臺北市,"980,350","4,018"
2014/8/1,桃園市,"1,102,760","4,672"
2014/8/1,臺中市,"1,643,719","3,397"
2014/8/1,臺南市,"1,289,921","2,537"
2014/8/1,高雄市,"2,013,627","6,353"
2014/8/1,宜蘭縣,"276,302",335
2014/8/1,新竹縣,"277,131",589
2014/8/1,苗栗縣,"328,681",556
2014/8/1,彰化縣,"823,907","1,315"
2014/8/1,南投縣,"316,904","1,073"
2014/8/1,雲林縣,"436,676",771
2014/8/1,嘉義縣,"331,762",462
2014/8/1,屏東縣,"620,008","1,071"
2014/8/1,臺東縣,"155,354",952
2014/8/1,花蓮縣,"212,010",243
2014/8/1,澎湖縣,"69,470","3,266"
2014/8/1,基隆市,"180,440",184
2014/8/1,新竹市,"257,481",790
2014/8/1,嘉義市,"182,916",647
2014/8/1,金門縣,"49,176",296
2014/8/1,連江縣,"5,482",3
2014/9/1,新北市,"2,193,512","6,739"
2014/9/1,臺北市,"980,563","4,001"
2014/9/1,桃園市,"1,097,775","4,766"
2014/9/1,臺中市,"1,643,920","3,448"
2014/9/1,臺南市,"1,290,055","2,554"
2014/9/1,高雄市,"2,011,203","6,425"
2014/9/1,宜蘭縣,"276,337",338
2014/9/1,新竹縣,"277,697",579
2014/9/1,苗栗縣,"329,344",556
2014/9/1,彰化縣,"824,310","1,355"
2014/9/1,南投縣,"317,032","1,072"
2014/9/1,雲林縣,"437,206",777
2014/9/1,嘉義縣,"332,452",463
2014/9/1,屏東縣,"620,728","1,088"
2014/9/1,臺東縣,"155,196","1,089"
2014/9/1,花蓮縣,"212,060",242
2014/9/1,澎湖縣,"69,520","3,260"
2014/9/1,基隆市,"180,817",192
2014/9/1,新竹市,"257,377",804
2014/9/1,嘉義市,"181,832",662
2014/9/1,金門縣,"49,801",296
2014/9/1,連江縣,"5,528",3
2014/10/1,新北市,"2,197,029","6,726"
2014/10/1,臺北市,"982,374","4,032"
2014/10/1,桃園市,"1,100,928","4,985"
2014/10/1,臺中市,"1,646,325","3,475"
2014/10/1,臺南市,"1,293,258","2,555"
2014/10/1,高雄市,"2,015,762","6,470"
2014/10/1,宜蘭縣,"277,027",337
2014/10/1,新竹縣,"278,468",588
2014/10/1,苗栗縣,"329,081",556
2014/10/1,彰化縣,"826,296","1,378"
2014/10/1,南投縣,"317,867","1,075"
2014/10/1,雲林縣,"438,104",782
2014/10/1,嘉義縣,"333,142",471
2014/10/1,屏東縣,"622,415","1,160"
2014/10/1,臺東縣,"155,612","1,153"
2014/10/1,花蓮縣,"212,735",242
2014/10/1,澎湖縣,"69,386","3,258"
2014/10/1,基隆市,"180,969",194
2014/10/1,新竹市,"257,903",818
2014/10/1,嘉義市,"182,463",666
2014/10/1,金門縣,"50,156",298
2014/10/1,連江縣,"5,566",3
2014/11/1,新北市,"2,196,635","6,878"
2014/11/1,臺北市,"982,399","4,130"
2014/11/1,桃園市,"1,096,838","5,167"
2014/11/1,臺中市,"1,646,511","3,514"
2014/11/1,臺南市,"1,293,220","2,568"
2014/11/1,高雄市,"2,011,374","6,555"
2014/11/1,宜蘭縣,"276,283",338
2014/11/1,新竹縣,"278,609",583
2014/11/1,苗栗縣,"329,126",555
2014/11/1,彰化縣,"826,038","1,396"
2014/11/1,南投縣,"317,804","1,076"
2014/11/1,雲林縣,"438,038",843
2014/11/1,嘉義縣,"333,212",474
2014/11/1,屏東縣,"622,130","1,232"
2014/11/1,臺東縣,"155,604","1,325"
2014/11/1,花蓮縣,"211,684",243
2014/11/1,澎湖縣,"68,950","3,255"
2014/11/1,基隆市,"181,002",192
2014/11/1,新竹市,"256,738",821
2014/11/1,嘉義市,"182,234",672
2014/11/1,金門縣,"50,466",298
2014/11/1,連江縣,"5,573",8
2014/12/1,新北市,"2,184,097","7,026"
2014/12/1,臺北市,"976,438","4,119"
2014/12/1,桃園市,"1,090,882","5,220"
2014/12/1,臺中市,"1,644,323","3,417"
2014/12/1,臺南市,"1,286,551","2,562"
2014/12/1,高雄市,"2,003,661","6,544"
2014/12/1,宜蘭縣,"274,566",340
2014/12/1,新竹縣,"277,065",551
2014/12/1,苗栗縣,"326,996",558
2014/12/1,彰化縣,"822,855","1,399"
2014/12/1,南投縣,"315,940","1,076"
2014/12/1,雲林縣,"434,991",839
2014/12/1,嘉義縣,"331,511",472
2014/12/1,屏東縣,"617,974","1,237"
2014/12/1,臺東縣,"154,921","1,225"
2014/12/1,花蓮縣,"208,999",246
2014/12/1,澎湖縣,"68,364","3,384"
2014/12/1,基隆市,"180,385",193
2014/12/1,新竹市,"255,629",821
2014/12/1,嘉義市,"181,242",681
2014/12/1,金門縣,"50,594",397
2014/12/1,連江縣,"5,573",8
2015/1/1,新北市,"2,179,525","7,006"
2015/1/1,臺北市,"976,144","4,122"
2015/1/1,桃園市,"1,091,012","5,227"
2015/1/1,臺中市,"1,646,026","3,426"
2015/1/1,臺南市,"1,286,645","2,555"
2015/1/1,高雄市,"2,004,506","6,558"
2015/1/1,宜蘭縣,"272,722",338
2015/1/1,新竹縣,"277,112",546
2015/1/1,苗栗縣,"326,473",559
2015/1/1,彰化縣,"821,026","1,400"
2015/1/1,南投縣,"315,275","1,076"
2015/1/1,雲林縣,"434,530",842
2015/1/1,嘉義縣,"331,224",473
2015/1/1,屏東縣,"617,565","1,232"
2015/1/1,臺東縣,"154,863","1,225"
2015/1/1,花蓮縣,"208,246",247
2015/1/1,澎湖縣,"68,306","3,383"
2015/1/1,基隆市,"179,961",193
2015/1/1,新竹市,"255,554",825
2015/1/1,嘉義市,"181,239",683
2015/1/1,金門縣,"50,910",397
2015/1/1,連江縣,"5,579",8
2015/2/1,新北市,"2,176,233","6,868"
2015/2/1,臺北市,"976,237","4,131"
2015/2/1,桃園市,"1,092,377","5,304"
2015/2/1,臺中市,"1,646,908","3,441"
2015/2/1,臺南市,"1,285,195","2,553"
2015/2/1,高雄市,"2,006,353","6,571"
2015/2/1,宜蘭縣,"271,816",328
2015/2/1,新竹縣,"277,484",551
2015/2/1,苗栗縣,"326,723",561
2015/2/1,彰化縣,"820,931","1,414"
2015/2/1,南投縣,"315,266","1,078"
2015/2/1,雲林縣,"433,666",843
2015/2/1,嘉義縣,"330,469",475
2015/2/1,屏東縣,"617,949","1,335"
2015/2/1,臺東縣,"154,717","1,227"
2015/2/1,花蓮縣,"207,356",237
2015/2/1,澎湖縣,"68,128","3,471"
2015/2/1,基隆市,"180,032",195
2015/2/1,新竹市,"255,920",834
2015/2/1,嘉義市,"181,170",683
2015/2/1,金門縣,"51,138",406
2015/2/1,連江縣,"5,583",8
2015/3/1,新北市,"2,178,633","6,868"
2015/3/1,臺北市,"977,886","4,181"
2015/3/1,桃園市,"1,095,405","5,527"
2015/3/1,臺中市,"1,625,357","3,457"
2015/3/1,臺南市,"1,285,931","2,568"
2015/3/1,高雄市,"2,010,670","6,607"
2015/3/1,宜蘭縣,"272,013",326
2015/3/1,新竹縣,"278,331",563
2015/3/1,苗栗縣,"327,436",563
2015/3/1,彰化縣,"822,251","1,430"
2015/3/1,南投縣,"315,001","1,083"
2015/3/1,雲林縣,"434,448",844
2015/3/1,嘉義縣,"330,747",479
2015/3/1,屏東縣,"619,170","1,339"
2015/3/1,臺東縣,"153,740","1,492"
2015/3/1,花蓮縣,"204,864",237
2015/3/1,澎湖縣,"68,775","3,473"
2015/3/1,基隆市,"180,363",195
2015/3/1,新竹市,"256,680",847
2015/3/1,嘉義市,"181,526",684
2015/3/1,金門縣,"51,894",408
2015/3/1,連江縣,"5,613",8
2015/4/1,新北市,"2,178,416","6,851"
2015/4/1,臺北市,"977,332","4,201"
2015/4/1,桃園市,"1,096,381","5,626"
2015/4/1,臺中市,"1,637,280","3,513"
2015/4/1,臺南市,"1,285,713","2,573"
2015/4/1,高雄市,"2,011,199","6,626"
2015/4/1,宜蘭縣,"272,264",327
2015/4/1,新竹縣,"278,548",570
2015/4/1,苗栗縣,"327,162",566
2015/4/1,彰化縣,"820,554","1,443"
2015/4/1,南投縣,"313,924","1,081"
2015/4/1,雲林縣,"433,889",865
2015/4/1,嘉義縣,"330,575",481
2015/4/1,屏東縣,"619,040","1,347"
2015/4/1,臺東縣,"153,278","1,499"
2015/4/1,花蓮縣,"204,724",237
2015/4/1,澎湖縣,"69,173","3,471"
2015/4/1,基隆市,"180,533",196
2015/4/1,新竹市,"256,510",848
2015/4/1,嘉義市,"181,436",697
2015/4/1,金門縣,"51,885",408
2015/4/1,連江縣,"5,639",8
2015/5/1,新北市,"2,179,344","6,875"
2015/5/1,臺北市,"974,767","4,213"
2015/5/1,桃園市,"1,099,086","5,733"
2015/5/1,臺中市,"1,639,126","3,558"
2015/5/1,臺南市,"1,285,353","2,572"
2015/5/1,高雄市,"2,009,248","6,666"
2015/5/1,宜蘭縣,"272,307",322
2015/5/1,新竹縣,"279,164",572
2015/5/1,苗栗縣,"327,603",564
2015/5/1,彰化縣,"820,907","1,457"
2015/5/1,南投縣,"313,270","1,082"
2015/5/1,雲林縣,"433,182",877
2015/5/1,嘉義縣,"330,146",484
2015/5/1,屏東縣,"618,551","1,349"
2015/5/1,臺東縣,"152,515","1,502"
2015/5/1,花蓮縣,"204,580",234
2015/5/1,澎湖縣,"69,278","3,469"
2015/5/1,基隆市,"180,611",191
2015/5/1,新竹市,"256,753",855
2015/5/1,嘉義市,"181,357",701
2015/5/1,金門縣,"52,162",407
2015/5/1,連江縣,"5,657",108
2015/6/1,新北市,"2,179,124","6,776"
2015/6/1,臺北市,"974,524","4,233"
2015/6/1,桃園市,"1,093,017","5,838"
2015/6/1,臺中市,"1,640,400","3,593"
2015/6/1,臺南市,"1,285,446","2,565"
2015/6/1,高雄市,"2,008,829","6,658"
2015/6/1,宜蘭縣,"272,167",302
2015/6/1,新竹縣,"276,280",567
2015/6/1,苗栗縣,"322,093",559
2015/6/1,彰化縣,"819,333","1,469"
2015/6/1,南投縣,"313,212","1,080"
2015/6/1,雲林縣,"432,643",891
2015/6/1,嘉義縣,"329,297",487
2015/6/1,屏東縣,"617,715","1,350"
2015/6/1,臺東縣,"152,531","1,616"
2015/6/1,花蓮縣,"203,317",225
2015/6/1,澎湖縣,"69,362","3,469"
2015/6/1,基隆市,"180,693",181
2015/6/1,新竹市,"254,323",854
2015/6/1,嘉義市,"181,372",707
2015/6/1,金門縣,"52,531",407
2015/6/1,連江縣,"5,696",108
2015/7/1,新北市,"2,175,006","6,775"
2015/7/1,臺北市,"969,701","4,319"
2015/7/1,桃園市,"1,093,503","5,975"
2015/7/1,臺中市,"1,636,664","3,662"
2015/7/1,臺南市,"1,281,286","2,572"
2015/7/1,高雄市,"2,003,046","6,697"
2015/7/1,宜蘭縣,"271,672",304
2015/7/1,新竹縣,"276,275",572
2015/7/1,苗栗縣,"320,562",558
2015/7/1,彰化縣,"815,803","1,484"
2015/7/1,南投縣,"311,675","1,067"
2015/7/1,雲林縣,"429,004",902
2015/7/1,嘉義縣,"327,468",492
2015/7/1,屏東縣,"615,560","1,360"
2015/7/1,臺東縣,"152,073","1,732"
2015/7/1,花蓮縣,"202,804",228
2015/7/1,澎湖縣,"68,841","3,469"
2015/7/1,基隆市,"180,667",181
2015/7/1,新竹市,"254,064",856
2015/7/1,嘉義市,"180,827",714
2015/7/1,金門縣,"52,798",409
2015/7/1,連江縣,"5,719",208
2015/8/1,新北市,"2,176,590","7,037"
2015/8/1,臺北市,"969,291","4,529"
2015/8/1,桃園市,"1,095,895","6,108"
2015/8/1,臺中市,"1,639,087","3,697"
2015/8/1,臺南市,"1,281,515","2,573"
2015/8/1,高雄市,"1,993,919","6,721"
2015/8/1,宜蘭縣,"270,546",304
2015/8/1,新竹縣,"276,873",573
2015/8/1,苗栗縣,"320,679",560
2015/8/1,彰化縣,"815,755","1,495"
2015/8/1,南投縣,"311,501","1,072"
2015/8/1,雲林縣,"428,864",914
2015/8/1,嘉義縣,"327,339",493
2015/8/1,屏東縣,"615,426","1,522"
2015/8/1,臺東縣,"151,963","1,749"
2015/8/1,花蓮縣,"202,379",227
2015/8/1,澎湖縣,"68,837","3,462"
2015/8/1,基隆市,"180,911",184
2015/8/1,新竹市,"254,284",864
2015/8/1,嘉義市,"181,080",719
2015/8/1,金門縣,"53,134",410
2015/8/1,連江縣,"5,740",208
2015/9/1,新北市,"2,181,367","7,211"
2015/9/1,臺北市,"970,649","4,694"
2015/9/1,桃園市,"1,099,288","6,546"
2015/9/1,臺中市,"1,643,601","3,716"
2015/9/1,臺南市,"1,283,350","2,582"
2015/9/1,高雄市,"1,995,513","6,648"
2015/9/1,宜蘭縣,"271,107",309
2015/9/1,新竹縣,"277,758",574
2015/9/1,苗栗縣,"321,462",561
2015/9/1,彰化縣,"816,925","1,516"
2015/9/1,南投縣,"312,069","1,073"
2015/9/1,雲林縣,"429,669",932
2015/9/1,嘉義縣,"327,691",497
2015/9/1,屏東縣,"616,186","1,531"
2015/9/1,臺東縣,"152,004","1,768"
2015/9/1,花蓮縣,"202,631",229
2015/9/1,澎湖縣,"68,608","3,457"
2015/9/1,基隆市,"181,345",183
2015/9/1,新竹市,"254,898",864
2015/9/1,嘉義市,"181,370",727
2015/9/1,金門縣,"53,566",410
2015/9/1,連江縣,"5,755",208
2015/10/1,新北市,"2,176,594","7,495"
2015/10/1,臺北市,"969,745","4,987"
2015/10/1,桃園市,"1,100,755","6,820"
2015/10/1,臺中市,"1,645,138","3,776"
2015/10/1,臺南市,"1,282,981","2,626"
2015/10/1,高雄市,"1,993,498","6,773"
2015/10/1,宜蘭縣,"271,263",313
2015/10/1,新竹縣,"277,722",579
2015/10/1,苗栗縣,"321,418",563
2015/10/1,彰化縣,"816,524","1,532"
2015/10/1,南投縣,"311,839","1,081"
2015/10/1,雲林縣,"429,226",948
2015/10/1,嘉義縣,"327,288",503
2015/10/1,屏東縣,"615,434","1,522"
2015/10/1,臺東縣,"151,902","1,766"
2015/10/1,花蓮縣,"202,633",294
2015/10/1,澎湖縣,"68,406","3,453"
2015/10/1,基隆市,"181,528",184
2015/10/1,新竹市,"255,061",862
2015/10/1,嘉義市,"181,440",735
2015/10/1,金門縣,"53,813",411
2015/10/1,連江縣,"5,765",208
2015/11/1,新北市,"2,174,321","7,897"
2015/11/1,臺北市,"965,630","5,222"
2015/11/1,桃園市,"1,101,929","6,993"
2015/11/1,臺中市,"1,647,276","3,837"
2015/11/1,臺南市,"1,283,756","2,679"
2015/11/1,高雄市,"1,993,559","6,782"
2015/11/1,宜蘭縣,"271,198",320
2015/11/1,新竹縣,"278,156",588
2015/11/1,苗栗縣,"321,647",566
2015/11/1,彰化縣,"815,980","1,561"
2015/11/1,南投縣,"312,218","1,089"
2015/11/1,雲林縣,"429,065",960
2015/11/1,嘉義縣,"327,265",509
2015/11/1,屏東縣,"615,431","1,542"
2015/11/1,臺東縣,"151,812","1,862"
2015/11/1,花蓮縣,"202,331",635
2015/11/1,澎湖縣,"68,331","3,442"
2015/11/1,基隆市,"181,685",189
2015/11/1,新竹市,"255,267",860
2015/11/1,嘉義市,"181,675",738
2015/11/1,金門縣,"54,092",430
2015/11/1,連江縣,"5,714",208
2015/12/1,新北市,"2,169,317","8,733"
2015/12/1,臺北市,"957,083","5,713"
2015/12/1,桃園市,"1,101,190","7,555"
2015/12/1,臺中市,"1,647,008","3,868"
2015/12/1,臺南市,"1,281,963","2,736"
2015/12/1,高雄市,"1,990,037","6,760"
2015/12/1,宜蘭縣,"270,577",319
2015/12/1,新竹縣,"278,011",622
2015/12/1,苗栗縣,"321,149",570
2015/12/1,彰化縣,"814,982","1,582"
2015/12/1,南投縣,"311,813","1,091"
2015/12/1,雲林縣,"428,093",980
2015/12/1,嘉義縣,"326,644",511
2015/12/1,屏東縣,"614,681","1,801"
2015/12/1,臺東縣,"151,385","1,859"
2015/12/1,花蓮縣,"200,713",955
2015/12/1,澎湖縣,"68,290","3,495"
2015/12/1,基隆市,"180,812",194
2015/12/1,新竹市,"254,688",922
2015/12/1,嘉義市,"181,290",749
2015/12/1,金門縣,"54,263",787
2015/12/1,連江縣,"5,703",208
2016/1/1,新北市,"2,167,824","9,113"
2016/1/1,臺北市,"954,212","5,807"
2016/1/1,桃園市,"1,101,182","7,813"
2016/1/1,臺中市,"1,647,725","3,883"
2016/1/1,臺南市,"1,281,805","2,745"
2016/1/1,高雄市,"1,990,044","6,993"
2016/1/1,宜蘭縣,"270,382",320
2016/1/1,新竹縣,"277,984",636
2016/1/1,苗栗縣,"320,222",572
2016/1/1,彰化縣,"814,823","1,586"
2016/1/1,南投縣,"311,472","1,090"
2016/1/1,雲林縣,"428,024",990
2016/1/1,嘉義縣,"326,476",512
2016/1/1,屏東縣,"614,748","1,683"
2016/1/1,臺東縣,"151,290","1,668"
2016/1/1,花蓮縣,"200,303",959
2016/1/1,澎湖縣,"68,316","3,485"
2016/1/1,基隆市,"180,393",198
2016/1/1,新竹市,"254,661",949
2016/1/1,嘉義市,"181,171",751
2016/1/1,金門縣,"54,457",798
2016/1/1,連江縣,"5,711",208
2016/2/1,新北市,"2,168,763","9,430"
2016/2/1,臺北市,"954,329","5,898"
2016/2/1,桃園市,"1,101,961","8,232"
2016/2/1,臺中市,"1,648,644","3,893"
2016/2/1,臺南市,"1,282,244","2,753"
2016/2/1,高雄市,"1,990,268","6,841"
2016/2/1,宜蘭縣,"270,393",322
2016/2/1,新竹縣,"278,255",657
2016/2/1,苗栗縣,"320,136",573
2016/2/1,彰化縣,"814,806","1,592"
2016/2/1,南投縣,"311,493","1,091"
2016/2/1,雲林縣,"426,297","1,000"
2016/2/1,嘉義縣,"326,571",513
2016/2/1,屏東縣,"615,040","1,679"
2016/2/1,臺東縣,"151,286","1,667"
2016/2/1,花蓮縣,"200,085",986
2016/2/1,澎湖縣,"68,387","3,476"
2016/2/1,基隆市,"180,485",209
2016/2/1,新竹市,"254,680",967
2016/2/1,嘉義市,"181,122",751
2016/2/1,金門縣,"54,776",800
2016/2/1,連江縣,"5,706",208
2016/3/1,新北市,"2,168,514","9,842"
2016/3/1,臺北市,"953,734","6,014"
2016/3/1,桃園市,"1,102,327","8,492"
2016/3/1,臺中市,"1,648,007","3,938"
2016/3/1,臺南市,"1,281,534","2,784"
2016/3/1,高雄市,"1,987,937","6,862"
2016/3/1,宜蘭縣,"269,731",322
2016/3/1,新竹縣,"278,549",666
2016/3/1,苗栗縣,"320,027",580
2016/3/1,彰化縣,"813,424","1,598"
2016/3/1,南投縣,"311,069","1,120"
2016/3/1,雲林縣,"425,983","1,013"
2016/3/1,嘉義縣,"325,958",515
2016/3/1,屏東縣,"614,336","1,678"
2016/3/1,臺東縣,"151,509","1,660"
2016/3/1,花蓮縣,"199,580","1,002"
2016/3/1,澎湖縣,"68,811","3,459"
2016/3/1,基隆市,"180,477",213
2016/3/1,新竹市,"254,603","1,012"
2016/3/1,嘉義市,"180,531",751
2016/3/1,金門縣,"55,068",823
2016/3/1,連江縣,"5,727",308
2016/4/1,新北市,"2,168,285","10,096"
2016/4/1,臺北市,"952,896","6,136"
2016/4/1,桃園市,"1,101,519","8,811"
2016/4/1,臺中市,"1,647,011","3,979"
2016/4/1,臺南市,"1,280,482","2,808"
2016/4/1,高雄市,"1,985,481","6,881"
2016/4/1,宜蘭縣,"269,585",326
2016/4/1,新竹縣,"277,672",684
2016/4/1,苗栗縣,"319,501",583
2016/4/1,彰化縣,"812,307","1,600"
2016/4/1,南投縣,"310,773","1,120"
2016/4/1,雲林縣,"425,593","1,031"
2016/4/1,嘉義縣,"325,666",520
2016/4/1,屏東縣,"614,147","1,783"
2016/4/1,臺東縣,"151,530","1,657"
2016/4/1,花蓮縣,"199,355","1,276"
2016/4/1,澎湖縣,"69,513","3,551"
2016/4/1,基隆市,"180,528",216
2016/4/1,新竹市,"254,216","1,025"
2016/4/1,嘉義市,"180,213",755
2016/4/1,金門縣,"55,290",828
2016/4/1,連江縣,"5,753",309
2016/5/1,新北市,"2,168,900","10,399"
2016/5/1,臺北市,"952,858","6,311"
2016/5/1,桃園市,"1,102,160","9,152"
2016/5/1,臺中市,"1,648,082","4,085"
2016/5/1,臺南市,"1,280,999","2,822"
2016/5/1,高雄市,"1,984,298","6,889"
2016/5/1,宜蘭縣,"269,387",336
2016/5/1,新竹縣,"277,597",694
2016/5/1,苗栗縣,"319,003",588
2016/5/1,彰化縣,"811,870","1,601"
2016/5/1,南投縣,"310,786","1,128"
2016/5/1,雲林縣,"425,620","1,047"
2016/5/1,嘉義縣,"325,615",521
2016/5/1,屏東縣,"614,538","1,791"
2016/5/1,臺東縣,"151,487","1,671"
2016/5/1,花蓮縣,"199,267","1,348"
2016/5/1,澎湖縣,"69,840","3,548"
2016/5/1,基隆市,"180,656",224
2016/5/1,新竹市,"253,783","1,037"
2016/5/1,嘉義市,"179,938",759
2016/5/1,金門縣,"55,560","1,133"
2016/5/1,連江縣,"5,849",309
2016/6/1,新北市,"2,169,607","10,782"
2016/6/1,臺北市,"951,947","6,429"
2016/6/1,桃園市,"1,104,065","9,444"
2016/6/1,臺中市,"1,650,202","4,484"
2016/6/1,臺南市,"1,282,053","2,841"
2016/6/1,高雄市,"1,984,739","6,933"
2016/6/1,宜蘭縣,"269,548",346
2016/6/1,新竹縣,"278,157",705
2016/6/1,苗栗縣,"319,269",590
2016/6/1,彰化縣,"812,453","1,611"
2016/6/1,南投縣,"311,143","1,129"
2016/6/1,雲林縣,"425,850","1,086"
2016/6/1,嘉義縣,"325,864",523
2016/6/1,屏東縣,"614,934","1,804"
2016/6/1,臺東縣,"151,706","1,711"
2016/6/1,花蓮縣,"199,330","1,393"
2016/6/1,澎湖縣,"70,081","3,538"
2016/6/1,基隆市,"180,799",233
2016/6/1,新竹市,"254,167","1,059"
2016/6/1,嘉義市,"179,826",764
2016/6/1,金門縣,"55,778","1,149"
2016/6/1,連江縣,"5,919",309
2016/7/1,新北市,"2,167,416","11,160"
2016/7/1,臺北市,"949,867","6,568"
2016/7/1,桃園市,"1,105,364","9,819"
2016/7/1,臺中市,"1,650,577","4,773"
2016/7/1,臺南市,"1,280,534","2,860"
2016/7/1,高雄市,"1,983,203","6,945"
2016/7/1,宜蘭縣,"269,475",353
2016/7/1,新竹縣,"278,584",732
2016/7/1,苗栗縣,"319,029",593
2016/7/1,彰化縣,"811,762","1,622"
2016/7/1,南投縣,"310,872","1,139"
2016/7/1,雲林縣,"425,100","1,113"
2016/7/1,嘉義縣,"325,233",525
2016/7/1,屏東縣,"614,388","1,819"
2016/7/1,臺東縣,"151,566","1,757"
2016/7/1,花蓮縣,"199,101","1,787"
2016/7/1,澎湖縣,"70,086","3,528"
2016/7/1,基隆市,"180,708",248
2016/7/1,新竹市,"254,246","1,083"
2016/7/1,嘉義市,"179,579",767
2016/7/1,金門縣,"56,048","1,153"
2016/7/1,連江縣,"5,946",309
2016/8/1,新北市,"2,167,415","11,684"
2016/8/1,臺北市,"947,826","6,727"
2016/8/1,桃園市,"1,107,122","10,292"
2016/8/1,臺中市,"1,651,728","5,110"
2016/8/1,臺南市,"1,280,354","2,874"
2016/8/1,高雄市,"1,983,366","6,993"
2016/8/1,宜蘭縣,"269,550",364
2016/8/1,新竹縣,"278,959",751
2016/8/1,苗栗縣,"319,129",604
2016/8/1,彰化縣,"811,319","1,650"
2016/8/1,南投縣,"310,801","1,147"
2016/8/1,雲林縣,"424,975","1,155"
2016/8/1,嘉義縣,"325,035",530
2016/8/1,屏東縣,"614,391","1,828"
2016/8/1,臺東縣,"151,646","1,722"
2016/8/1,花蓮縣,"199,029","2,047"
2016/8/1,澎湖縣,"70,086","3,816"
2016/8/1,基隆市,"180,801",257
2016/8/1,新竹市,"254,503","1,104"
2016/8/1,嘉義市,"179,478",773
2016/8/1,金門縣,"56,319","1,154"
2016/8/1,連江縣,"5,977",309
2016/9/1,新北市,"2,171,450","12,260"
2016/9/1,臺北市,"948,385","6,961"
2016/9/1,桃園市,"1,111,091","10,995"
2016/9/1,臺中市,"1,656,171","5,488"
2016/9/1,臺南市,"1,282,504","2,893"
2016/9/1,高雄市,"1,984,196","7,021"
2016/9/1,宜蘭縣,"270,041",377
2016/9/1,新竹縣,"280,137",769
2016/9/1,苗栗縣,"319,826",619
2016/9/1,彰化縣,"812,484","1,671"
2016/9/1,南投縣,"311,190","1,160"
2016/9/1,雲林縣,"425,776","1,217"
2016/9/1,嘉義縣,"325,500",534
2016/9/1,屏東縣,"614,894","1,843"
2016/9/1,臺東縣,"151,758","1,750"
2016/9/1,花蓮縣,"199,375","2,080"
2016/9/1,澎湖縣,"70,173","3,792"
2016/9/1,基隆市,"181,251",271
2016/9/1,新竹市,"255,323","1,135"
2016/9/1,嘉義市,"179,717",783
2016/9/1,金門縣,"56,762","1,158"
2016/9/1,連江縣,"6,017",309
2016/10/1,新北市,"2,171,852","12,691"
2016/10/1,臺北市,"947,621","7,491"
2016/10/1,桃園市,"1,112,702","11,281"
2016/10/1,臺中市,"1,657,894","5,794"
2016/10/1,臺南市,"1,282,375","2,934"
2016/10/1,高雄市,"1,983,632","7,065"
2016/10/1,宜蘭縣,"270,046",386
2016/10/1,新竹縣,"280,577",781
2016/10/1,苗栗縣,"319,913",628
2016/10/1,彰化縣,"812,441","1,705"
2016/10/1,南投縣,"311,135","1,165"
2016/10/1,雲林縣,"425,480","1,276"
2016/10/1,嘉義縣,"325,235",546
2016/10/1,屏東縣,"614,088","1,865"
2016/10/1,臺東縣,"151,509","1,749"
2016/10/1,花蓮縣,"199,147","2,279"
2016/10/1,澎湖縣,"70,198","3,766"
2016/10/1,基隆市,"181,244",276
2016/10/1,新竹市,"255,625","1,159"
2016/10/1,嘉義市,"179,777",787
2016/10/1,金門縣,"56,616","1,156"
2016/10/1,連江縣,"6,020",309
2016/11/1,新北市,"2,170,391","13,042"
2016/11/1,臺北市,"946,303","7,725"
2016/11/1,桃園市,"1,113,924","11,592"
2016/11/1,臺中市,"1,659,243","6,064"
2016/11/1,臺南市,"1,281,443","3,116"
2016/11/1,高雄市,"1,983,000","7,146"
2016/11/1,宜蘭縣,"269,634",415
2016/11/1,新竹縣,"280,811",825
2016/11/1,苗栗縣,"319,790",640
2016/11/1,彰化縣,"812,171","1,768"
2016/11/1,南投縣,"310,976","1,190"
2016/11/1,雲林縣,"425,205","1,361"
2016/11/1,嘉義縣,"324,970",548
2016/11/1,屏東縣,"613,595","2,020"
2016/11/1,臺東縣,"151,315","1,878"
2016/11/1,花蓮縣,"198,825","2,334"
2016/11/1,澎湖縣,"70,078","3,758"
2016/11/1,基隆市,"181,434",287
2016/11/1,新竹市,"255,809","1,198"
2016/11/1,嘉義市,"179,345",805
2016/11/1,金門縣,"56,862","1,160"
2016/11/1,連江縣,"6,023",309
2016/12/1,新北市,"2,167,044","13,278"
2016/12/1,臺北市,"944,160","8,019"
2016/12/1,桃園市,"1,114,452","12,119"
2016/12/1,臺中市,"1,658,662","6,452"
2016/12/1,臺南市,"1,278,401","3,452"
2016/12/1,高雄市,"1,983,344","7,459"
2016/12/1,宜蘭縣,"269,100",432
2016/12/1,新竹縣,"280,908",858
2016/12/1,苗栗縣,"319,016",658
2016/12/1,彰化縣,"811,062","1,788"
2016/12/1,南投縣,"309,863","1,194"
2016/12/1,雲林縣,"424,398","1,448"
2016/12/1,嘉義縣,"324,308",552
2016/12/1,屏東縣,"612,787","2,247"
2016/12/1,臺東縣,"151,063","1,889"
2016/12/1,花蓮縣,"198,493","2,442"
2016/12/1,澎湖縣,"70,043","3,717"
2016/12/1,基隆市,"181,275",298
2016/12/1,新竹市,"255,760","1,222"
2016/12/1,嘉義市,"179,151",822
2016/12/1,金門縣,"57,056","1,191"
2016/12/1,連江縣,"6,020",309
2017/1/1,新北市,"2,166,320","13,589"
2017/1/1,臺北市,"943,208","8,102"
2017/1/1,桃園市,"1,115,079","12,218"
2017/1/1,臺中市,"1,659,528","6,673"
2017/1/1,臺南市,"1,279,285","3,558"
2017/1/1,高雄市,"1,982,833","7,496"
2017/1/1,宜蘭縣,"269,137",434
2017/1/1,新竹縣,"281,151",882
2017/1/1,苗栗縣,"318,449",662
2017/1/1,彰化縣,"810,945","1,805"
2017/1/1,南投縣,"309,967","1,197"
2017/1/1,雲林縣,"424,315","1,456"
2017/1/1,嘉義縣,"324,142",550
2017/1/1,屏東縣,"612,635","2,258"
2017/1/1,臺東縣,"151,215","1,855"
2017/1/1,花蓮縣,"198,532","2,442"
2017/1/1,澎湖縣,"70,021","3,680"
2017/1/1,基隆市,"181,329",307
2017/1/1,新竹市,"256,020","1,240"
2017/1/1,嘉義市,"179,041",820
2017/1/1,金門縣,"57,273","1,102"
2017/1/1,連江縣,"6,041",309
2017/2/1,新北市,"2,167,437","13,948"
2017/2/1,臺北市,"943,053","8,246"
2017/2/1,桃園市,"1,116,259","12,258"
2017/2/1,臺中市,"1,660,773","6,905"
2017/2/1,臺南市,"1,280,028","3,716"
2017/2/1,高雄市,"1,983,642","7,664"
2017/2/1,宜蘭縣,"269,010",447
2017/2/1,新竹縣,"281,551",894
2017/2/1,苗栗縣,"318,510",671
2017/2/1,彰化縣,"810,629","1,830"
2017/2/1,南投縣,"310,043","1,211"
2017/2/1,雲林縣,"424,356","1,503"
2017/2/1,嘉義縣,"323,984",558
2017/2/1,屏東縣,"612,804","2,283"
2017/2/1,臺東縣,"151,289","1,855"
2017/2/1,花蓮縣,"198,368","2,455"
2017/2/1,澎湖縣,"70,091","3,646"
2017/2/1,基隆市,"181,410",326
2017/2/1,新竹市,"256,131","1,264"
2017/2/1,嘉義市,"178,569",839
2017/2/1,金門縣,"57,522","1,121"
2017/2/1,連江縣,"6,049",309
2017/3/1,新北市,"2,168,190","14,331"
2017/3/1,臺北市,"943,203","8,371"
2017/3/1,桃園市,"1,117,074","12,438"
2017/3/1,臺中市,"1,663,032","7,178"
2017/3/1,臺南市,"1,282,233","3,890"
2017/3/1,高雄市,"1,985,564","7,897"
2017/3/1,宜蘭縣,"269,168",455
2017/3/1,新竹縣,"281,818",910
2017/3/1,苗栗縣,"318,698",689
2017/3/1,彰化縣,"810,626","1,852"
2017/3/1,南投縣,"310,086","1,225"
2017/3/1,雲林縣,"424,258","1,554"
2017/3/1,嘉義縣,"323,801",568
2017/3/1,屏東縣,"613,718","2,331"
2017/3/1,臺東縣,"151,516","1,886"
2017/3/1,花蓮縣,"198,384","2,487"
2017/3/1,澎湖縣,"70,844","3,618"
2017/3/1,基隆市,"181,552",341
2017/3/1,新竹市,"256,469","1,284"
2017/3/1,嘉義市,"178,348",870
2017/3/1,金門縣,"57,749","1,124"
2017/3/1,連江縣,"6,079",309
2017/4/1,新北市,"2,167,537","14,522"
2017/4/1,臺北市,"943,187","8,443"
2017/4/1,桃園市,"1,117,957","12,499"
2017/4/1,臺中市,"1,663,986","7,343"
2017/4/1,臺南市,"1,281,801","3,982"
2017/4/1,高雄市,"1,985,931","8,148"
2017/4/1,宜蘭縣,"269,243",471
2017/4/1,新竹縣,"281,956",937
2017/4/1,苗栗縣,"318,664",696
2017/4/1,彰化縣,"810,154","1,880"
2017/4/1,南投縣,"309,877","1,232"
2017/4/1,雲林縣,"424,117","1,589"
2017/4/1,嘉義縣,"323,478",580
2017/4/1,屏東縣,"613,567","2,576"
2017/4/1,臺東縣,"151,510","1,919"
2017/4/1,花蓮縣,"198,245","2,518"
2017/4/1,澎湖縣,"71,946","3,536"
2017/4/1,基隆市,"181,733",353
2017/4/1,新竹市,"256,583","1,302"
2017/4/1,嘉義市,"178,244",882
2017/4/1,金門縣,"57,952","1,177"
2017/4/1,連江縣,"6,119",309
2017/5/1,新北市,"2,169,171","14,712"
2017/5/1,臺北市,"943,722","8,587"
2017/5/1,桃園市,"1,120,411","12,630"
2017/5/1,臺中市,"1,666,539","7,513"
2017/5/1,臺南市,"1,282,655","4,043"
2017/5/1,高雄市,"1,987,345","8,309"
2017/5/1,宜蘭縣,"269,306",481
2017/5/1,新竹縣,"282,426",948
2017/5/1,苗栗縣,"318,774",708
2017/5/1,彰化縣,"810,582","1,906"
2017/5/1,南投縣,"309,981","1,235"
2017/5/1,雲林縣,"424,254","1,637"
2017/5/1,嘉義縣,"323,469",585
2017/5/1,屏東縣,"614,302","2,663"
2017/5/1,臺東縣,"151,581","1,910"
2017/5/1,花蓮縣,"198,505","2,610"
2017/5/1,澎湖縣,"72,395","3,515"
2017/5/1,基隆市,"181,968",367
2017/5/1,新竹市,"256,943","1,318"
2017/5/1,嘉義市,"178,191",905
2017/5/1,金門縣,"58,202","1,210"
2017/5/1,連江縣,"6,211",309
2017/6/1,新北市,"2,168,624","14,836"
2017/6/1,臺北市,"943,583","8,681"
2017/6/1,桃園市,"1,122,583","12,953"
2017/6/1,臺中市,"1,668,603","7,680"
2017/6/1,臺南市,"1,283,285","4,145"
2017/6/1,高雄市,"1,988,144","8,508"
2017/6/1,宜蘭縣,"269,233",486
2017/6/1,新竹縣,"282,939",967
2017/6/1,苗栗縣,"318,667",714
2017/6/1,彰化縣,"811,051","1,943"
2017/6/1,南投縣,"309,974","1,248"
2017/6/1,雲林縣,"424,310","1,678"
2017/6/1,嘉義縣,"323,431",592
2017/6/1,屏東縣,"614,164","2,746"
2017/6/1,臺東縣,"151,552","1,919"
2017/6/1,花蓮縣,"198,549","2,669"
2017/6/1,澎湖縣,"72,597","3,485"
2017/6/1,基隆市,"181,877",377
2017/6/1,新竹市,"256,669","1,332"
2017/6/1,嘉義市,"178,049",926
2017/6/1,金門縣,"58,406","1,237"
2017/6/1,連江縣,"6,240",310
2017/7/1,新北市,"2,167,734","15,910"
2017/7/1,臺北市,"938,928","9,041"
2017/7/1,桃園市,"1,124,133","14,128"
2017/7/1,臺中市,"1,669,699","8,186"
2017/7/1,臺南市,"1,282,821","4,381"
2017/7/1,高雄市,"1,987,614","9,023"
2017/7/1,宜蘭縣,"269,242",502
2017/7/1,新竹縣,"283,276",992
2017/7/1,苗栗縣,"318,309",738
2017/7/1,彰化縣,"810,841","1,996"
2017/7/1,南投縣,"310,010","1,260"
2017/7/1,雲林縣,"423,818","1,807"
2017/7/1,嘉義縣,"323,096",596
2017/7/1,屏東縣,"613,925","2,846"
2017/7/1,臺東縣,"151,423","1,869"
2017/7/1,花蓮縣,"198,561","2,707"
2017/7/1,澎湖縣,"72,676","3,411"
2017/7/1,基隆市,"181,900",388
2017/7/1,新竹市,"256,724","1,387"
2017/7/1,嘉義市,"177,713",964
2017/7/1,金門縣,"58,660","1,260"
2017/7/1,連江縣,"6,270",310
2017/8/1,新北市,"2,169,442","16,255"
2017/8/1,臺北市,"939,529","9,618"
2017/8/1,桃園市,"1,126,399","15,830"
2017/8/1,臺中市,"1,672,818","8,822"
2017/8/1,臺南市,"1,284,226","4,985"
2017/8/1,高雄市,"1,989,629","9,868"
2017/8/1,宜蘭縣,"269,420",527
2017/8/1,新竹縣,"283,942","1,041"
2017/8/1,苗栗縣,"318,617",855
2017/8/1,彰化縣,"811,449","2,050"
2017/8/1,南投縣,"310,239","1,275"
2017/8/1,雲林縣,"423,785","1,988"
2017/8/1,嘉義縣,"323,145",618
2017/8/1,屏東縣,"613,598","2,968"
2017/8/1,臺東縣,"150,692","1,829"
2017/8/1,花蓮縣,"198,670","2,720"
2017/8/1,澎湖縣,"72,679","3,372"
2017/8/1,基隆市,"182,121",415
2017/8/1,新竹市,"257,278","1,438"
2017/8/1,嘉義市,"177,565","1,045"
2017/8/1,金門縣,"58,969","1,272"
2017/8/1,連江縣,"6,300",310
2017/9/1,新北市,"2,172,709","16,709"
2017/9/1,臺北市,"940,945","10,325"
2017/9/1,桃園市,"1,129,468","17,505"
2017/9/1,臺中市,"1,675,901","9,624"
2017/9/1,臺南市,"1,285,171","5,458"
2017/9/1,高雄市,"1,990,693","10,630"
2017/9/1,宜蘭縣,"269,739",544
2017/9/1,新竹縣,"284,750","1,085"
2017/9/1,苗栗縣,"319,032",877
2017/9/1,彰化縣,"812,419","2,125"
2017/9/1,南投縣,"310,650","1,296"
2017/9/1,雲林縣,"424,132","2,168"
2017/9/1,嘉義縣,"323,098",636
2017/9/1,屏東縣,"614,103","3,119"
2017/9/1,臺東縣,"150,305","1,836"
2017/9/1,花蓮縣,"198,927","2,732"
2017/9/1,澎湖縣,"72,752","3,353"
2017/9/1,基隆市,"182,588",445
2017/9/1,新竹市,"257,827","1,516"
2017/9/1,嘉義市,"177,558","1,164"
2017/9/1,金門縣,"59,337","1,304"
2017/9/1,連江縣,"6,332",310
2017/10/1,新北市,"2,173,526","17,086"
2017/10/1,臺北市,"941,142","11,013"
2017/10/1,桃園市,"1,131,523","19,180"
2017/10/1,臺中市,"1,676,984","10,359"
2017/10/1,臺南市,"1,285,419","5,882"
2017/10/1,高雄市,"1,990,415","11,462"
2017/10/1,宜蘭縣,"269,801",572
2017/10/1,新竹縣,"285,264","1,156"
2017/10/1,苗栗縣,"319,178",899
2017/10/1,彰化縣,"812,310","2,188"
2017/10/1,南投縣,"310,750","1,317"
2017/10/1,雲林縣,"424,034","2,353"
2017/10/1,嘉義縣,"323,051",649
2017/10/1,屏東縣,"614,245","3,275"
2017/10/1,臺東縣,"150,417","1,850"
2017/10/1,花蓮縣,"198,935","2,767"
2017/10/1,澎湖縣,"72,751","3,343"
2017/10/1,基隆市,"182,771",466
2017/10/1,新竹市,"258,184","1,581"
2017/10/1,嘉義市,"177,231","1,267"
2017/10/1,金門縣,"59,642","1,349"
2017/10/1,連江縣,"6,332",310
2017/11/1,新北市,"2,173,120","17,769"
2017/11/1,臺北市,"940,992","11,767"
2017/11/1,桃園市,"1,132,650","21,420"
2017/11/1,臺中市,"1,677,471","11,554"
2017/11/1,臺南市,"1,285,042","6,507"
2017/11/1,高雄市,"1,989,175","12,507"
2017/11/1,宜蘭縣,"269,187",596
2017/11/1,新竹縣,"285,564","1,231"
2017/11/1,苗栗縣,"319,082",936
2017/11/1,彰化縣,"812,231","2,259"
2017/11/1,南投縣,"310,697","1,333"
2017/11/1,雲林縣,"423,592","2,620"
2017/11/1,嘉義縣,"322,552",659
2017/11/1,屏東縣,"613,921","3,467"
2017/11/1,臺東縣,"150,534","1,861"
2017/11/1,花蓮縣,"198,891","2,808"
2017/11/1,澎湖縣,"72,753","3,300"
2017/11/1,基隆市,"182,675",499
2017/11/1,新竹市,"258,074","1,648"
2017/11/1,嘉義市,"176,712","1,393"
2017/11/1,金門縣,"59,857","1,378"
2017/11/1,連江縣,"6,327",310
2017/12/1,新北市,"2,169,592","18,427"
2017/12/1,臺北市,"939,912","13,733"
2017/12/1,桃園市,"1,131,692","22,305"
2017/12/1,臺中市,"1,675,125","12,239"
2017/12/1,臺南市,"1,282,774","6,946"
2017/12/1,高雄市,"1,986,423","13,479"
2017/12/1,宜蘭縣,"268,922",613
2017/12/1,新竹縣,"285,331","1,257"
2017/12/1,苗栗縣,"318,529",948
2017/12/1,彰化縣,"811,107","2,295"
2017/12/1,南投縣,"310,019","1,342"
2017/12/1,雲林縣,"422,912","2,797"
2017/12/1,嘉義縣,"321,851",672
2017/12/1,屏東縣,"613,432","3,622"
2017/12/1,臺東縣,"150,499","1,487"
2017/12/1,花蓮縣,"198,653","2,803"
2017/12/1,澎湖縣,"72,647","3,571"
2017/12/1,基隆市,"182,340",507
2017/12/1,新竹市,"258,113","1,681"
2017/12/1,嘉義市,"175,263","1,515"
2017/12/1,金門縣,"60,092","1,464"
2017/12/1,連江縣,"6,341",310
2018/1/1,新北市,"2,168,861","18,734"
2018/1/1,臺北市,"939,671","13,979"
2018/1/1,桃園市,"1,133,077","23,246"
2018/1/1,臺中市,"1,676,356","12,851"
2018/1/1,臺南市,"1,283,532","7,378"
2018/1/1,高雄市,"1,988,081","14,140"
2018/1/1,宜蘭縣,"268,939",625
2018/1/1,新竹縣,"285,558","1,307"
2018/1/1,苗栗縣,"318,581",970
2018/1/1,彰化縣,"811,184","2,377"
2018/1/1,南投縣,"310,028","1,353"
2018/1/1,雲林縣,"422,726","2,864"
2018/1/1,嘉義縣,"321,882",705
2018/1/1,屏東縣,"613,876","3,696"
2018/1/1,臺東縣,"150,423","1,476"
2018/1/1,花蓮縣,"198,492","2,811"
2018/1/1,澎湖縣,"72,673","3,562"
2018/1/1,基隆市,"182,236",523
2018/1/1,新竹市,"258,354","1,693"
2018/1/1,嘉義市,"175,289","1,592"
2018/1/1,金門縣,"60,295","1,474"
2018/1/1,連江縣,"6,358",310
2018/2/1,新北市,"2,167,322","19,651"
2018/2/1,臺北市,"939,259","14,304"
2018/2/1,桃園市,"1,134,071","23,943"
2018/2/1,臺中市,"1,677,273","13,292"
2018/2/1,臺南市,"1,284,306","7,707"
2018/2/1,高雄市,"1,988,742","14,782"
2018/2/1,宜蘭縣,"268,915",636
2018/2/1,新竹縣,"285,739","1,333"
2018/2/1,苗栗縣,"318,468",984
2018/2/1,彰化縣,"811,179","2,494"
2018/2/1,南投縣,"310,048","1,373"
2018/2/1,雲林縣,"422,581","2,954"
2018/2/1,嘉義縣,"322,021",728
2018/2/1,屏東縣,"613,977","3,867"
2018/2/1,臺東縣,"150,601","1,493"
2018/2/1,花蓮縣,"198,449","2,837"
2018/2/1,澎湖縣,"72,706","3,533"
2018/2/1,基隆市,"182,247",529
2018/2/1,新竹市,"258,407","1,710"
2018/2/1,嘉義市,"174,750","1,662"
2018/2/1,金門縣,"60,435","1,477"
2018/2/1,連江縣,"6,370",207
2018/3/1,新北市,"2,164,251","20,631"
2018/3/1,臺北市,"938,950","14,624"
2018/3/1,桃園市,"1,136,036","24,982"
2018/3/1,臺中市,"1,678,089","14,007"
2018/3/1,臺南市,"1,285,067","8,316"
2018/3/1,高雄市,"1,988,594","15,656"
2018/3/1,宜蘭縣,"268,834",663
2018/3/1,新竹縣,"286,026","1,375"
2018/3/1,苗栗縣,"318,503","1,009"
2018/3/1,彰化縣,"811,172","2,665"
2018/3/1,南投縣,"309,869","1,401"
2018/3/1,雲林縣,"422,431","3,070"
2018/3/1,嘉義縣,"322,171",789
2018/3/1,屏東縣,"614,028","4,069"
2018/3/1,臺東縣,"150,772","1,491"
2018/3/1,花蓮縣,"198,341","2,861"
2018/3/1,澎湖縣,"73,524","3,498"
2018/3/1,基隆市,"182,162",549
2018/3/1,新竹市,"258,576","1,842"
2018/3/1,嘉義市,"174,715","1,741"
2018/3/1,金門縣,"60,725","1,476"
2018/3/1,連江縣,"6,452",207
2018/4/1,新北市,"2,163,342","21,486"
2018/4/1,臺北市,"938,617","14,887"
2018/4/1,桃園市,"1,137,311","25,909"
2018/4/1,臺中市,"1,678,767","14,590"
2018/4/1,臺南市,"1,285,170","8,736"
2018/4/1,高雄市,"1,988,024","16,344"
2018/4/1,宜蘭縣,"268,693",684
2018/4/1,新竹縣,"286,174","1,423"
2018/4/1,苗栗縣,"318,547","1,019"
2018/4/1,彰化縣,"810,076","2,834"
2018/4/1,南投縣,"309,824","1,413"
2018/4/1,雲林縣,"422,342","3,153"
2018/4/1,嘉義縣,"322,092",847
2018/4/1,屏東縣,"614,083","4,287"
2018/4/1,臺東縣,"150,774","1,504"
2018/4/1,花蓮縣,"198,292","2,894"
2018/4/1,澎湖縣,"74,072","3,487"
2018/4/1,基隆市,"182,204",574
2018/4/1,新竹市,"258,689","2,021"
2018/4/1,嘉義市,"174,538","1,784"
2018/4/1,金門縣,"60,963","1,480"
2018/4/1,連江縣,"6,486",208
2018/5/1,新北市,"2,162,729","22,508"
2018/5/1,臺北市,"938,222","15,221"
2018/5/1,桃園市,"1,139,277","27,061"
2018/5/1,臺中市,"1,680,082","15,285"
2018/5/1,臺南市,"1,285,971","9,274"
2018/5/1,高雄市,"1,986,818","17,248"
2018/5/1,宜蘭縣,"268,605",699
2018/5/1,新竹縣,"286,577","1,490"
2018/5/1,苗栗縣,"318,553","1,056"
2018/5/1,彰化縣,"810,024","2,965"
2018/5/1,南投縣,"309,680","1,436"
2018/5/1,雲林縣,"422,321","3,250"
2018/5/1,嘉義縣,"322,088",909
2018/5/1,屏東縣,"614,392","4,591"
2018/5/1,臺東縣,"150,805","1,530"
2018/5/1,花蓮縣,"198,178","2,924"
2018/5/1,澎湖縣,"74,171","3,379"
2018/5/1,基隆市,"182,149",598
2018/5/1,新竹市,"258,847","2,091"
2018/5/1,嘉義市,"174,520","1,861"
2018/5/1,金門縣,"61,195","1,491"
2018/5/1,連江縣,"6,529",209
2018/6/1,新北市,"2,162,266","23,494"
2018/6/1,臺北市,"937,993","15,612"
2018/6/1,桃園市,"1,141,319","28,475"
2018/6/1,臺中市,"1,681,195","16,025"
2018/6/1,臺南市,"1,286,814","9,853"
2018/6/1,高雄市,"1,987,142","18,129"
2018/6/1,宜蘭縣,"268,720",762
2018/6/1,新竹縣,"287,151","1,564"
2018/6/1,苗栗縣,"318,742","1,101"
2018/6/1,彰化縣,"810,645","3,124"
2018/6/1,南投縣,"309,803","1,457"
2018/6/1,雲林縣,"422,398","3,363"
2018/6/1,嘉義縣,"322,343",992
2018/6/1,屏東縣,"614,774","4,786"
2018/6/1,臺東縣,"150,995","1,547"
2018/6/1,花蓮縣,"198,180","3,038"
2018/6/1,澎湖縣,"74,151","3,369"
2018/6/1,基隆市,"182,223",638
2018/6/1,新竹市,"259,239","2,188"
2018/6/1,嘉義市,"174,573","1,935"
2018/6/1,金門縣,"61,402","1,498"
2018/6/1,連江縣,"6,543",209
2018/7/1,新北市,"2,160,505","24,289"
2018/7/1,臺北市,"936,517","16,338"
2018/7/1,桃園市,"1,143,122","29,930"
2018/7/1,臺中市,"1,679,410","16,933"
2018/7/1,臺南市,"1,286,322","10,566"
2018/7/1,高雄市,"1,985,799","19,228"
2018/7/1,宜蘭縣,"268,696",788
2018/7/1,新竹縣,"287,771","1,643"
2018/7/1,苗栗縣,"318,782","1,141"
2018/7/1,彰化縣,"809,830","3,358"
2018/7/1,南投縣,"309,699","1,479"
2018/7/1,雲林縣,"422,275","3,487"
2018/7/1,嘉義縣,"321,688","1,079"
2018/7/1,屏東縣,"614,357","5,048"
2018/7/1,臺東縣,"151,154","1,586"
2018/7/1,花蓮縣,"197,999","3,157"
2018/7/1,澎湖縣,"74,248","3,357"
2018/7/1,基隆市,"182,202",684
2018/7/1,新竹市,"259,368","2,392"
2018/7/1,嘉義市,"174,149","2,004"
2018/7/1,金門縣,"61,631","1,502"
2018/7/1,連江縣,"6,550",209
2018/8/1,新北市,"2,161,079","25,094"
2018/8/1,臺北市,"928,112","17,293"
2018/8/1,桃園市,"1,144,785","31,032"
2018/8/1,臺中市,"1,680,574","17,740"
2018/8/1,臺南市,"1,286,953","11,287"
2018/8/1,高雄市,"1,985,919","20,250"
2018/8/1,宜蘭縣,"268,690",898
2018/8/1,新竹縣,"288,272","1,704"
2018/8/1,苗栗縣,"318,984","1,169"
2018/8/1,彰化縣,"809,830","3,521"
2018/8/1,南投縣,"309,894","1,522"
2018/8/1,雲林縣,"422,388","3,598"
2018/8/1,嘉義縣,"321,895","1,152"
2018/8/1,屏東縣,"614,486","5,287"
2018/8/1,臺東縣,"151,249","1,650"
2018/8/1,花蓮縣,"197,742","3,303"
2018/8/1,澎湖縣,"74,287","3,346"
2018/8/1,基隆市,"181,766",728
2018/8/1,新竹市,"259,441","2,586"
2018/8/1,嘉義市,"174,077","2,058"
2018/8/1,金門縣,"61,727","1,515"
2018/8/1,連江縣,"6,549",209
2018/9/1,新北市,"2,163,231","26,136"
2018/9/1,臺北市,"927,917","17,824"
2018/9/1,桃園市,"1,147,805","32,563"
2018/9/1,臺中市,"1,682,216","18,903"
2018/9/1,臺南市,"1,287,461","12,027"
2018/9/1,高雄市,"1,986,508","21,464"
2018/9/1,宜蘭縣,"268,743","1,049"
2018/9/1,新竹縣,"289,160","1,795"
2018/9/1,苗栗縣,"319,430","1,229"
2018/9/1,彰化縣,"810,253","3,795"
2018/9/1,南投縣,"310,255","1,563"
2018/9/1,雲林縣,"422,723","3,753"
2018/9/1,嘉義縣,"322,226","1,271"
2018/9/1,屏東縣,"614,593","5,552"
2018/9/1,臺東縣,"151,251","1,707"
2018/9/1,花蓮縣,"197,790","3,536"
2018/9/1,澎湖縣,"74,389","3,338"
2018/9/1,基隆市,"181,908",766
2018/9/1,新竹市,"259,981","2,768"
2018/9/1,嘉義市,"174,057","2,140"
2018/9/1,金門縣,"62,064","1,489"
2018/9/1,連江縣,"6,547",209
2018/10/1,新北市,"2,161,328","26,905"
2018/10/1,臺北市,"927,091","18,595"
2018/10/1,桃園市,"1,149,033","34,468"
2018/10/1,臺中市,"1,681,873","20,223"
2018/10/1,臺南市,"1,285,771","13,235"
2018/10/1,高雄市,"1,984,520","23,034"
2018/10/1,宜蘭縣,"268,475","1,246"
2018/10/1,新竹縣,"289,524","1,905"
2018/10/1,苗栗縣,"319,443","1,289"
2018/10/1,彰化縣,"809,659","4,167"
2018/10/1,南投縣,"310,205","1,644"
2018/10/1,雲林縣,"422,461","3,967"
2018/10/1,嘉義縣,"322,289","1,415"
2018/10/1,屏東縣,"614,247","6,060"
2018/10/1,臺東縣,"151,348","1,772"
2018/10/1,花蓮縣,"196,994","3,882"
2018/10/1,澎湖縣,"74,443","3,324"
2018/10/1,基隆市,"181,865",820
2018/10/1,新竹市,"259,970","2,917"
2018/10/1,嘉義市,"173,996","2,257"
2018/10/1,金門縣,"62,347","1,519"
2018/10/1,連江縣,"6,596",209
2018/11/1,新北市,"2,160,508","27,604"
2018/11/1,臺北市,"925,808","19,176"
2018/11/1,桃園市,"1,149,525","36,616"
2018/11/1,臺中市,"1,682,405","21,590"
2018/11/1,臺南市,"1,284,412","14,299"
2018/11/1,高雄市,"1,983,238","24,814"
2018/11/1,宜蘭縣,"268,079","1,341"
2018/11/1,新竹縣,"289,882","2,027"
2018/11/1,苗栗縣,"319,162","1,348"
2018/11/1,彰化縣,"809,442","4,533"
2018/11/1,南投縣,"310,265","1,692"
2018/11/1,雲林縣,"422,068","4,159"
2018/11/1,嘉義縣,"322,139","1,567"
2018/11/1,屏東縣,"613,842","6,504"
2018/11/1,臺東縣,"151,326","1,792"
2018/11/1,花蓮縣,"196,716","4,011"
2018/11/1,澎湖縣,"74,468","3,321"
2018/11/1,基隆市,"181,883",887
2018/11/1,新竹市,"259,964","3,084"
2018/11/1,嘉義市,"173,867","2,358"
2018/11/1,金門縣,"62,533","1,541"
2018/11/1,連江縣,"6,580",116
2018/12/1,新北市,"2,159,422","28,184"
2018/12/1,臺北市,"924,482","19,689"
2018/12/1,桃園市,"1,150,404","38,720"
2018/12/1,臺中市,"1,683,626","23,060"
2018/12/1,臺南市,"1,282,904","15,607"
2018/12/1,高雄市,"1,981,365","27,110"
2018/12/1,宜蘭縣,"267,248","1,459"
2018/12/1,新竹縣,"290,086","2,138"
2018/12/1,苗栗縣,"319,159","1,411"
2018/12/1,彰化縣,"809,203","4,876"
2018/12/1,南投縣,"310,114","1,760"
2018/12/1,雲林縣,"421,787","4,294"
2018/12/1,嘉義縣,"321,481","1,746"
2018/12/1,屏東縣,"612,576","7,025"
2018/12/1,臺東縣,"151,381","1,794"
2018/12/1,花蓮縣,"196,250","4,010"
2018/12/1,澎湖縣,"74,521","3,363"
2018/12/1,基隆市,"181,812",916
2018/12/1,新竹市,"260,260","3,188"
2018/12/1,嘉義市,"173,483","2,525"
2018/12/1,金門縣,"62,730","1,642"
2018/12/1,連江縣,"6,593",116
2019/1/1,新北市,"2,158,969","28,495"
2019/1/1,臺北市,"923,888","20,254"
2019/1/1,桃園市,"1,151,028","40,823"
2019/1/1,臺中市,"1,684,172","24,438"
2019/1/1,臺南市,"1,282,550","16,837"
2019/1/1,高雄市,"1,982,049","27,493"
2019/1/1,宜蘭縣,"267,136","1,478"
2019/1/1,新竹縣,"290,234","2,241"
2019/1/1,苗栗縣,"319,099","1,462"
2019/1/1,彰化縣,"809,044","5,103"
2019/1/1,南投縣,"309,733","1,823"
2019/1/1,雲林縣,"421,447","4,367"
2019/1/1,嘉義縣,"321,689","1,865"
2019/1/1,屏東縣,"612,500","7,606"
2019/1/1,臺東縣,"151,565","1,772"
2019/1/1,花蓮縣,"196,302","4,058"
2019/1/1,澎湖縣,"74,551","3,352"
2019/1/1,基隆市,"181,777",948
2019/1/1,新竹市,"260,255","3,235"
2019/1/1,嘉義市,"173,490","2,570"
2019/1/1,金門縣,"62,975","1,644"
2019/1/1,連江縣,"6,616",116
2019/2/1,新北市,"2,158,506","28,782"
2019/2/1,臺北市,"923,721","20,687"
2019/2/1,桃園市,"1,152,002","42,009"
2019/2/1,臺中市,"1,685,273","25,165"
2019/2/1,臺南市,"1,283,171","17,715"
2019/2/1,高雄市,"1,982,814","27,919"
2019/2/1,宜蘭縣,"267,163","1,615"
2019/2/1,新竹縣,"290,507","2,333"
2019/2/1,苗栗縣,"319,044","1,517"
2019/2/1,彰化縣,"808,822","5,324"
2019/2/1,南投縣,"309,643","1,901"
2019/2/1,雲林縣,"421,350","4,584"
2019/2/1,嘉義縣,"321,808","1,979"
2019/2/1,屏東縣,"610,175","7,908"
2019/2/1,臺東縣,"151,517","1,769"
2019/2/1,花蓮縣,"196,284","4,123"
2019/2/1,澎湖縣,"74,623","3,346"
2019/2/1,基隆市,"181,807",964
2019/2/1,新竹市,"260,297","3,308"
2019/2/1,嘉義市,"173,514","2,618"
2019/2/1,金門縣,"63,104","1,652"
2019/2/1,連江縣,"6,640",117
2019/3/1,新北市,"2,158,000","30,972"
2019/3/1,臺北市,"923,079","21,453"
2019/3/1,桃園市,"1,153,457","43,533"
2019/3/1,臺中市,"1,685,505","26,156"
2019/3/1,臺南市,"1,283,912","18,626"
2019/3/1,高雄市,"1,983,600","28,904"
2019/3/1,宜蘭縣,"267,180","1,757"
2019/3/1,新竹縣,"290,766","2,532"
2019/3/1,苗栗縣,"318,938","1,560"
2019/3/1,彰化縣,"808,888","5,715"
2019/3/1,南投縣,"309,668","1,988"
2019/3/1,雲林縣,"421,388","4,792"
2019/3/1,嘉義縣,"321,866","2,134"
2019/3/1,屏東縣,"607,581","8,318"
2019/3/1,臺東縣,"151,611","1,819"
2019/3/1,花蓮縣,"196,171","4,234"
2019/3/1,澎湖縣,"75,182","3,345"
2019/3/1,基隆市,"181,846","1,001"
2019/3/1,新竹市,"260,502","3,704"
2019/3/1,嘉義市,"173,511","2,708"
2019/3/1,金門縣,"63,339","1,651"
2019/3/1,連江縣,"6,670",118
2019/4/1,新北市,"2,157,558","31,915"
2019/4/1,臺北市,"922,961","21,962"
2019/4/1,桃園市,"1,155,014","45,293"
2019/4/1,臺中市,"1,685,855","27,146"
2019/4/1,臺南市,"1,284,408","19,583"
2019/4/1,高雄市,"1,982,712","31,543"
2019/4/1,宜蘭縣,"267,115","1,894"
2019/4/1,新竹縣,"291,157","2,867"
2019/4/1,苗栗縣,"318,726","1,606"
2019/4/1,彰化縣,"808,810","6,040"
2019/4/1,南投縣,"309,540","2,099"
2019/4/1,雲林縣,"421,496","5,006"
2019/4/1,嘉義縣,"322,050","2,292"
2019/4/1,屏東縣,"607,620","8,556"
2019/4/1,臺東縣,"151,671","1,916"
2019/4/1,花蓮縣,"196,172","4,374"
2019/4/1,澎湖縣,"75,702","3,337"
2019/4/1,基隆市,"181,767","1,036"
2019/4/1,新竹市,"260,645","3,808"
2019/4/1,嘉義市,"173,526","2,776"
2019/4/1,金門縣,"63,533","1,654"
2019/4/1,連江縣,"6,697",119
2019/5/1,新北市,"2,156,048","33,246"
2019/5/1,臺北市,"922,284","22,816"
2019/5/1,桃園市,"1,156,101","47,700"
2019/5/1,臺中市,"1,685,897","28,530"
2019/5/1,臺南市,"1,284,921","20,916"
2019/5/1,高雄市,"1,982,204","33,420"
2019/5/1,宜蘭縣,"266,769","2,082"
2019/5/1,新竹縣,"291,351","3,237"
2019/5/1,苗栗縣,"318,100","1,690"
2019/5/1,彰化縣,"808,412","6,401"
2019/5/1,南投縣,"309,206","2,261"
2019/5/1,雲林縣,"421,482","5,307"
2019/5/1,嘉義縣,"321,983","2,457"
2019/5/1,屏東縣,"607,290","9,050"
2019/5/1,臺東縣,"151,596","2,016"
2019/5/1,花蓮縣,"196,079","4,524"
2019/5/1,澎湖縣,"75,988","3,325"
2019/5/1,基隆市,"181,698","1,085"
2019/5/1,新竹市,"260,800","3,972"
2019/5/1,嘉義市,"173,400","2,842"
2019/5/1,金門縣,"63,735","1,671"
2019/5/1,連江縣,"6,697",120
2019/6/1,新北市,"2,156,057","34,647"
2019/6/1,臺北市,"921,672","23,647"
2019/6/1,桃園市,"1,157,701","50,598"
2019/6/1,臺中市,"1,686,602","29,819"
2019/6/1,臺南市,"1,285,447","22,145"
2019/6/1,高雄市,"1,982,393","34,905"
2019/6/1,宜蘭縣,"266,488","2,293"
2019/6/1,新竹縣,"291,754","3,637"
2019/6/1,苗栗縣,"318,075","1,775"
2019/6/1,彰化縣,"808,651","6,779"
2019/6/1,南投縣,"309,000","2,399"
2019/6/1,雲林縣,"421,626","5,579"
2019/6/1,嘉義縣,"322,099","2,652"
2019/6/1,屏東縣,"607,321","9,584"
2019/6/1,臺東縣,"151,616","2,110"
2019/6/1,花蓮縣,"196,059","4,574"
2019/6/1,澎湖縣,"76,048","3,288"
2019/6/1,基隆市,"181,773","1,126"
2019/6/1,新竹市,"261,129","4,158"
2019/6/1,嘉義市,"173,377","2,937"
2019/6/1,金門縣,"63,842","1,705"
2019/6/1,連江縣,"6,691",120
2019/7/1,新北市,"2,154,254","36,135"
2019/7/1,臺北市,"919,669","25,000"
2019/7/1,桃園市,"1,159,497","52,751"
2019/7/1,臺中市,"1,687,011","31,368"
2019/7/1,臺南市,"1,285,036","23,572"
2019/7/1,高雄市,"1,983,442","36,324"
2019/7/1,宜蘭縣,"266,370","2,536"
2019/7/1,新竹縣,"292,355","4,190"
2019/7/1,苗栗縣,"317,688","1,840"
2019/7/1,彰化縣,"808,509","7,266"
2019/7/1,南投縣,"308,577","2,550"
2019/7/1,雲林縣,"421,600","5,904"
2019/7/1,嘉義縣,"321,998","2,835"
2019/7/1,屏東縣,"606,801","9,986"
2019/7/1,臺東縣,"151,378","2,161"
2019/7/1,花蓮縣,"196,143","4,755"
2019/7/1,澎湖縣,"76,096","3,274"
2019/7/1,基隆市,"181,792","1,180"
2019/7/1,新竹市,"261,238","4,327"
2019/7/1,嘉義市,"173,259","3,027"
2019/7/1,金門縣,"64,087","1,763"
2019/7/1,連江縣,"6,708",121
2019/8/1,新北市,"2,153,823","37,772"
2019/8/1,臺北市,"918,448","26,130"
2019/8/1,桃園市,"1,161,221","54,969"
2019/8/1,臺中市,"1,686,563","32,913"
2019/8/1,臺南市,"1,284,845","24,941"
2019/8/1,高雄市,"1,983,017","37,720"
2019/8/1,宜蘭縣,"266,283","2,813"
2019/8/1,新竹縣,"292,756","4,685"
2019/8/1,苗栗縣,"317,701","1,940"
2019/8/1,彰化縣,"808,640","7,687"
2019/8/1,南投縣,"307,843","2,746"
2019/8/1,雲林縣,"421,723","6,224"
2019/8/1,嘉義縣,"321,824","3,040"
2019/8/1,屏東縣,"606,405","10,401"
2019/8/1,臺東縣,"151,247","2,183"
2019/8/1,花蓮縣,"196,093","4,827"
2019/8/1,澎湖縣,"76,163","3,361"
2019/8/1,基隆市,"181,901","1,255"
2019/8/1,新竹市,"261,432","4,645"
2019/8/1,嘉義市,"173,281","3,132"
2019/8/1,金門縣,"64,263","1,793"
2019/8/1,連江縣,"6,724",124
2019/9/1,新北市,"2,154,567","39,492"
2019/9/1,臺北市,"917,196","27,726"
2019/9/1,桃園市,"1,164,102","56,643"
2019/9/1,臺中市,"1,688,810","34,653"
2019/9/1,臺南市,"1,285,351","26,449"
2019/9/1,高雄市,"1,984,445","39,062"
2019/9/1,宜蘭縣,"266,406","3,159"
2019/9/1,新竹縣,"293,493","5,314"
2019/9/1,苗栗縣,"318,196","2,027"
2019/9/1,彰化縣,"809,168","8,235"
2019/9/1,南投縣,"308,065","2,938"
2019/9/1,雲林縣,"422,153","6,658"
2019/9/1,嘉義縣,"321,847","3,302"
2019/9/1,屏東縣,"606,543","10,724"
2019/9/1,臺東縣,"151,323","2,202"
2019/9/1,花蓮縣,"196,093","4,897"
2019/9/1,澎湖縣,"76,259","3,323"
2019/9/1,基隆市,"182,083","1,321"
2019/9/1,新竹市,"261,879","4,819"
2019/9/1,嘉義市,"173,400","3,317"
2019/9/1,金門縣,"64,470","1,854"
2019/9/1,連江縣,"6,729",124
2019/10/1,新北市,"2,153,371","41,733"
2019/10/1,臺北市,"915,140","30,325"
2019/10/1,桃園市,"1,165,558","60,595"
2019/10/1,臺中市,"1,688,953","36,969"
2019/10/1,臺南市,"1,284,558","28,572"
2019/10/1,高雄市,"1,983,376","40,885"
2019/10/1,宜蘭縣,"266,195","3,611"
2019/10/1,新竹縣,"293,853","5,623"
2019/10/1,苗栗縣,"318,066","2,130"
2019/10/1,彰化縣,"808,873","8,921"
2019/10/1,南投縣,"307,884","3,158"
2019/10/1,雲林縣,"422,190","7,199"
2019/10/1,嘉義縣,"321,484","3,442"
2019/10/1,屏東縣,"606,277","11,265"
2019/10/1,臺東縣,"151,131","2,227"
2019/10/1,花蓮縣,"196,178","4,875"
2019/10/1,澎湖縣,"76,310","3,336"
2019/10/1,基隆市,"181,749","1,446"
2019/10/1,新竹市,"261,907","5,064"
2019/10/1,嘉義市,"173,441","3,585"
2019/10/1,金門縣,"64,620","1,911"
2019/10/1,連江縣,"6,766",125
2019/11/1,新北市,"2,152,197","44,741"
2019/11/1,臺北市,"913,837","35,963"
2019/11/1,桃園市,"1,166,407","64,010"
2019/11/1,臺中市,"1,688,788","39,633"
2019/11/1,臺南市,"1,284,147","31,156"
2019/11/1,高雄市,"1,981,935","43,643"
2019/11/1,宜蘭縣,"265,874","4,162"
2019/11/1,新竹縣,"293,867","5,935"
2019/11/1,苗栗縣,"317,860","2,277"
2019/11/1,彰化縣,"807,903","10,050"
2019/11/1,南投縣,"307,781","3,444"
2019/11/1,雲林縣,"421,726","7,964"
2019/11/1,嘉義縣,"321,392","3,602"
2019/11/1,屏東縣,"605,811","11,867"
2019/11/1,臺東縣,"151,052","2,296"
2019/11/1,花蓮縣,"196,081","4,654"
2019/11/1,澎湖縣,"76,281","3,299"
2019/11/1,基隆市,"181,676","1,540"
2019/11/1,新竹市,"261,966","5,362"
2019/11/1,嘉義市,"173,402","3,791"
2019/11/1,金門縣,"64,838","1,962"
2019/11/1,連江縣,"6,794",126
2019/12/1,新北市,"2,150,088","48,006"
2019/12/1,臺北市,"912,127","39,927"
2019/12/1,桃園市,"1,166,431","69,833"
2019/12/1,臺中市,"1,686,594","43,649"
2019/12/1,臺南市,"1,282,914","34,777"
2019/12/1,高雄市,"1,982,089","46,610"
2019/12/1,宜蘭縣,"265,646","4,573"
2019/12/1,新竹縣,"293,893","6,296"
2019/12/1,苗栗縣,"317,989","2,478"
2019/12/1,彰化縣,"808,091","10,527"
2019/12/1,南投縣,"307,630","3,827"
2019/12/1,雲林縣,"421,072","9,063"
2019/12/1,嘉義縣,"320,914","3,729"
2019/12/1,屏東縣,"605,357","12,824"
2019/12/1,臺東縣,"151,118","2,394"
2019/12/1,花蓮縣,"195,901","4,696"
2019/12/1,澎湖縣,"76,302","3,309"
2019/12/1,基隆市,"181,621","1,667"
2019/12/1,新竹市,"262,127","5,721"
2019/12/1,嘉義市,"173,315","3,887"
2019/12/1,金門縣,"64,979","2,013"
2019/12/1,連江縣,"6,781",128
2020/1/1,新北市,"2,148,664","48,225"
2020/1/1,臺北市,"911,256","40,225"
2020/1/1,桃園市,"1,167,314","69,546"
2020/1/1,臺中市,"1,686,558","43,864"
2020/1/1,臺南市,"1,281,450","35,174"
2020/1/1,高雄市,"1,981,443","47,143"
2020/1/1,宜蘭縣,"265,535","4,585"
2020/1/1,新竹縣,"293,944","6,369"
2020/1/1,苗栗縣,"317,890","2,510"
2020/1/1,彰化縣,"807,744","10,577"
2020/1/1,南投縣,"307,521","3,862"
2020/1/1,雲林縣,"420,950","9,072"
2020/1/1,嘉義縣,"320,865","3,728"
2020/1/1,屏東縣,"604,821","12,956"
2020/1/1,臺東縣,"151,073","2,409"
2020/1/1,花蓮縣,"195,706","4,767"
2020/1/1,澎湖縣,"76,293","3,303"
2020/1/1,基隆市,"181,631","1,685"
2020/1/1,新竹市,"262,147","5,773"
2020/1/1,嘉義市,"173,096","3,925"
2020/1/1,金門縣,"65,136","2,023"
2020/1/1,連江縣,"6,769",130
2020/2/1,新北市,"2,149,357","49,003"
2020/2/1,臺北市,"910,049","40,894"
2020/2/1,桃園市,"1,169,112","70,079"
2020/2/1,臺中市,"1,687,732","45,222"
2020/2/1,臺南市,"1,282,031","35,991"
2020/2/1,高雄市,"1,981,312","48,345"
2020/2/1,宜蘭縣,"265,545","4,611"
2020/2/1,新竹縣,"294,278","6,546"
2020/2/1,苗栗縣,"317,994","2,608"
2020/2/1,彰化縣,"807,848","10,855"
2020/2/1,南投縣,"307,613","3,941"
2020/2/1,雲林縣,"421,209","9,174"
2020/2/1,嘉義縣,"321,088","3,791"
2020/2/1,屏東縣,"605,124","13,205"
2020/2/1,臺東縣,"151,145","2,530"
2020/2/1,花蓮縣,"195,822","4,906"
2020/2/1,澎湖縣,"76,419","3,274"
2020/2/1,基隆市,"181,697","1,743"
2020/2/1,新竹市,"262,426","5,906"
2020/2/1,嘉義市,"173,041","4,067"
2020/2/1,金門縣,"65,126","2,044"
2020/2/1,連江縣,"6,770",131
