time,fuel,city,registration
2012/9/1,汽油,新北市,"2,355,607"
2012/9/1,汽油,臺北市,"1,097,259"
2012/9/1,汽油,桃園市,"1,149,447"
2012/9/1,汽油,臺中市,"1,749,838"
2012/9/1,汽油,臺南市,"1,436,350"
2012/9/1,汽油,高雄市,"2,280,799"
2012/9/1,汽油,宜蘭縣,"297,198"
2012/9/1,汽油,新竹縣,"290,298"
2012/9/1,汽油,苗栗縣,"361,246"
2012/9/1,汽油,彰化縣,"921,577"
2012/9/1,汽油,南投縣,"357,695"
2012/9/1,汽油,雲林縣,"491,237"
2012/9/1,汽油,嘉義縣,"373,111"
2012/9/1,汽油,屏東縣,"705,024"
2012/9/1,汽油,臺東縣,"176,124"
2012/9/1,汽油,花蓮縣,"243,777"
2012/9/1,汽油,澎湖縣,"71,202"
2012/9/1,汽油,基隆市,"194,963"
2012/9/1,汽油,新竹市,"270,859"
2012/9/1,汽油,嘉義市,"203,676"
2012/9/1,汽油,金門縣,"45,896"
2012/9/1,汽油,連江縣,"5,122"
2012/9/1,電能,新北市,"6,018"
2012/9/1,電能,臺北市,"3,313"
2012/9/1,電能,桃園市,"3,382"
2012/9/1,電能,臺中市,"2,354"
2012/9/1,電能,臺南市,"2,196"
2012/9/1,電能,高雄市,"5,208"
2012/9/1,電能,宜蘭縣,220
2012/9/1,電能,新竹縣,470
2012/9/1,電能,苗栗縣,512
2012/9/1,電能,彰化縣,867
2012/9/1,電能,南投縣,"1,023"
2012/9/1,電能,雲林縣,457
2012/9/1,電能,嘉義縣,341
2012/9/1,電能,屏東縣,903
2012/9/1,電能,臺東縣,158
2012/9/1,電能,花蓮縣,187
2012/9/1,電能,澎湖縣,"2,061"
2012/9/1,電能,基隆市,156
2012/9/1,電能,新竹市,520
2012/9/1,電能,嘉義市,351
2012/9/1,電能,金門縣,147
2012/9/1,電能,連江縣,4
2012/10/1,汽油,新北市,"2,359,437"
2012/10/1,汽油,臺北市,"1,097,714"
2012/10/1,汽油,桃園市,"1,152,291"
2012/10/1,汽油,臺中市,"1,753,472"
2012/10/1,汽油,臺南市,"1,438,220"
2012/10/1,汽油,高雄市,"2,282,432"
2012/10/1,汽油,宜蘭縣,"297,601"
2012/10/1,汽油,新竹縣,"291,062"
2012/10/1,汽油,苗栗縣,"361,988"
2012/10/1,汽油,彰化縣,"922,703"
2012/10/1,汽油,南投縣,"358,177"
2012/10/1,汽油,雲林縣,"491,699"
2012/10/1,汽油,嘉義縣,"373,410"
2012/10/1,汽油,屏東縣,"706,251"
2012/10/1,汽油,臺東縣,"176,055"
2012/10/1,汽油,花蓮縣,"243,917"
2012/10/1,汽油,澎湖縣,"71,220"
2012/10/1,汽油,基隆市,"195,251"
2012/10/1,汽油,新竹市,"271,003"
2012/10/1,汽油,嘉義市,"203,762"
2012/10/1,汽油,金門縣,"46,195"
2012/10/1,汽油,連江縣,"5,156"
2012/10/1,電能,新北市,"6,007"
2012/10/1,電能,臺北市,"3,362"
2012/10/1,電能,桃園市,"3,543"
2012/10/1,電能,臺中市,"2,411"
2012/10/1,電能,臺南市,"2,263"
2012/10/1,電能,高雄市,"5,309"
2012/10/1,電能,宜蘭縣,235
2012/10/1,電能,新竹縣,472
2012/10/1,電能,苗栗縣,520
2012/10/1,電能,彰化縣,894
2012/10/1,電能,南投縣,"1,045"
2012/10/1,電能,雲林縣,465
2012/10/1,電能,嘉義縣,341
2012/10/1,電能,屏東縣,910
2012/10/1,電能,臺東縣,161
2012/10/1,電能,花蓮縣,195
2012/10/1,電能,澎湖縣,"2,094"
2012/10/1,電能,基隆市,159
2012/10/1,電能,新竹市,536
2012/10/1,電能,嘉義市,366
2012/10/1,電能,金門縣,155
2012/10/1,電能,連江縣,3
2012/11/1,汽油,新北市,"2,362,087"
2012/11/1,汽油,臺北市,"1,098,132"
2012/11/1,汽油,桃園市,"1,154,476"
2012/11/1,汽油,臺中市,"1,755,621"
2012/11/1,汽油,臺南市,"1,439,871"
2012/11/1,汽油,高雄市,"2,283,192"
2012/11/1,汽油,宜蘭縣,"297,592"
2012/11/1,汽油,新竹縣,"291,472"
2012/11/1,汽油,苗栗縣,"362,366"
2012/11/1,汽油,彰化縣,"923,145"
2012/11/1,汽油,南投縣,"358,484"
2012/11/1,汽油,雲林縣,"491,476"
2012/11/1,汽油,嘉義縣,"373,776"
2012/11/1,汽油,屏東縣,"707,118"
2012/11/1,汽油,臺東縣,"176,292"
2012/11/1,汽油,花蓮縣,"243,781"
2012/11/1,汽油,澎湖縣,"71,265"
2012/11/1,汽油,基隆市,"195,138"
2012/11/1,汽油,新竹市,"270,869"
2012/11/1,汽油,嘉義市,"203,813"
2012/11/1,汽油,金門縣,"46,444"
2012/11/1,汽油,連江縣,"5,173"
2012/11/1,電能,新北市,"6,004"
2012/11/1,電能,臺北市,"3,393"
2012/11/1,電能,桃園市,"3,600"
2012/11/1,電能,臺中市,"2,408"
2012/11/1,電能,臺南市,"2,293"
2012/11/1,電能,高雄市,"5,453"
2012/11/1,電能,宜蘭縣,266
2012/11/1,電能,新竹縣,480
2012/11/1,電能,苗栗縣,521
2012/11/1,電能,彰化縣,913
2012/11/1,電能,南投縣,"1,051"
2012/11/1,電能,雲林縣,474
2012/11/1,電能,嘉義縣,343
2012/11/1,電能,屏東縣,912
2012/11/1,電能,臺東縣,164
2012/11/1,電能,花蓮縣,194
2012/11/1,電能,澎湖縣,"2,120"
2012/11/1,電能,基隆市,161
2012/11/1,電能,新竹市,543
2012/11/1,電能,嘉義市,372
2012/11/1,電能,金門縣,159
2012/11/1,電能,連江縣,3
2012/12/1,汽油,新北市,"2,362,900"
2012/12/1,汽油,臺北市,"1,096,524"
2012/12/1,汽油,桃園市,"1,155,884"
2012/12/1,汽油,臺中市,"1,757,484"
2012/12/1,汽油,臺南市,"1,441,149"
2012/12/1,汽油,高雄市,"2,277,929"
2012/12/1,汽油,宜蘭縣,"297,895"
2012/12/1,汽油,新竹縣,"291,760"
2012/12/1,汽油,苗栗縣,"361,749"
2012/12/1,汽油,彰化縣,"922,825"
2012/12/1,汽油,南投縣,"358,740"
2012/12/1,汽油,雲林縣,"491,672"
2012/12/1,汽油,嘉義縣,"374,076"
2012/12/1,汽油,屏東縣,"704,038"
2012/12/1,汽油,臺東縣,"175,705"
2012/12/1,汽油,花蓮縣,"244,044"
2012/12/1,汽油,澎湖縣,"71,325"
2012/12/1,汽油,基隆市,"195,163"
2012/12/1,汽油,新竹市,"271,004"
2012/12/1,汽油,嘉義市,"204,057"
2012/12/1,汽油,金門縣,"46,587"
2012/12/1,汽油,連江縣,"5,187"
2012/12/1,電能,新北市,"6,006"
2012/12/1,電能,臺北市,"3,409"
2012/12/1,電能,桃園市,"3,586"
2012/12/1,電能,臺中市,"2,412"
2012/12/1,電能,臺南市,"2,310"
2012/12/1,電能,高雄市,"5,464"
2012/12/1,電能,宜蘭縣,267
2012/12/1,電能,新竹縣,482
2012/12/1,電能,苗栗縣,520
2012/12/1,電能,彰化縣,918
2012/12/1,電能,南投縣,"1,052"
2012/12/1,電能,雲林縣,478
2012/12/1,電能,嘉義縣,346
2012/12/1,電能,屏東縣,909
2012/12/1,電能,臺東縣,159
2012/12/1,電能,花蓮縣,194
2012/12/1,電能,澎湖縣,"2,135"
2012/12/1,電能,基隆市,163
2012/12/1,電能,新竹市,555
2012/12/1,電能,嘉義市,374
2012/12/1,電能,金門縣,160
2012/12/1,電能,連江縣,3
2013/1/1,汽油,新北市,"2,366,863"
2013/1/1,汽油,臺北市,"1,097,263"
2013/1/1,汽油,桃園市,"1,157,665"
2013/1/1,汽油,臺中市,"1,761,692"
2013/1/1,汽油,臺南市,"1,438,166"
2013/1/1,汽油,高雄市,"2,276,584"
2013/1/1,汽油,宜蘭縣,"298,403"
2013/1/1,汽油,新竹縣,"291,755"
2013/1/1,汽油,苗栗縣,"361,611"
2013/1/1,汽油,彰化縣,"924,056"
2013/1/1,汽油,南投縣,"358,899"
2013/1/1,汽油,雲林縣,"490,756"
2013/1/1,汽油,嘉義縣,"373,087"
2013/1/1,汽油,屏東縣,"704,422"
2013/1/1,汽油,臺東縣,"175,991"
2013/1/1,汽油,花蓮縣,"244,487"
2013/1/1,汽油,澎湖縣,"71,403"
2013/1/1,汽油,基隆市,"195,245"
2013/1/1,汽油,新竹市,"271,262"
2013/1/1,汽油,嘉義市,"203,994"
2013/1/1,汽油,金門縣,"46,727"
2013/1/1,汽油,連江縣,"5,200"
2013/1/1,電能,新北市,"6,012"
2013/1/1,電能,臺北市,"3,424"
2013/1/1,電能,桃園市,"3,602"
2013/1/1,電能,臺中市,"2,442"
2013/1/1,電能,臺南市,"2,328"
2013/1/1,電能,高雄市,"5,492"
2013/1/1,電能,宜蘭縣,276
2013/1/1,電能,新竹縣,487
2013/1/1,電能,苗栗縣,521
2013/1/1,電能,彰化縣,934
2013/1/1,電能,南投縣,"1,056"
2013/1/1,電能,雲林縣,489
2013/1/1,電能,嘉義縣,348
2013/1/1,電能,屏東縣,932
2013/1/1,電能,臺東縣,160
2013/1/1,電能,花蓮縣,196
2013/1/1,電能,澎湖縣,"2,138"
2013/1/1,電能,基隆市,163
2013/1/1,電能,新竹市,582
2013/1/1,電能,嘉義市,389
2013/1/1,電能,金門縣,162
2013/1/1,電能,連江縣,3
2013/2/1,汽油,新北市,"2,367,932"
2013/2/1,汽油,臺北市,"1,097,281"
2013/2/1,汽油,桃園市,"1,159,115"
2013/2/1,汽油,臺中市,"1,763,828"
2013/2/1,汽油,臺南市,"1,437,386"
2013/2/1,汽油,高雄市,"2,277,073"
2013/2/1,汽油,宜蘭縣,"298,906"
2013/2/1,汽油,新竹縣,"292,182"
2013/2/1,汽油,苗栗縣,"362,171"
2013/2/1,汽油,彰化縣,"924,138"
2013/2/1,汽油,南投縣,"359,393"
2013/2/1,汽油,雲林縣,"490,824"
2013/2/1,汽油,嘉義縣,"372,842"
2013/2/1,汽油,屏東縣,"705,168"
2013/2/1,汽油,臺東縣,"175,787"
2013/2/1,汽油,花蓮縣,"244,630"
2013/2/1,汽油,澎湖縣,"71,546"
2013/2/1,汽油,基隆市,"195,513"
2013/2/1,汽油,新竹市,"271,510"
2013/2/1,汽油,嘉義市,"203,738"
2013/2/1,汽油,金門縣,"46,956"
2013/2/1,汽油,連江縣,"5,233"
2013/2/1,電能,新北市,"6,028"
2013/2/1,電能,臺北市,"3,450"
2013/2/1,電能,桃園市,"3,620"
2013/2/1,電能,臺中市,"2,479"
2013/2/1,電能,臺南市,"2,343"
2013/2/1,電能,高雄市,"5,536"
2013/2/1,電能,宜蘭縣,278
2013/2/1,電能,新竹縣,493
2013/2/1,電能,苗栗縣,520
2013/2/1,電能,彰化縣,946
2013/2/1,電能,南投縣,"1,058"
2013/2/1,電能,雲林縣,497
2013/2/1,電能,嘉義縣,355
2013/2/1,電能,屏東縣,935
2013/2/1,電能,臺東縣,159
2013/2/1,電能,花蓮縣,198
2013/2/1,電能,澎湖縣,"2,201"
2013/2/1,電能,基隆市,164
2013/2/1,電能,新竹市,593
2013/2/1,電能,嘉義市,434
2013/2/1,電能,金門縣,163
2013/2/1,電能,連江縣,3
2013/3/1,汽油,新北市,"2,367,985"
2013/3/1,汽油,臺北市,"1,097,472"
2013/3/1,汽油,桃園市,"1,161,097"
2013/3/1,汽油,臺中市,"1,765,973"
2013/3/1,汽油,臺南市,"1,419,748"
2013/3/1,汽油,高雄市,"2,275,871"
2013/3/1,汽油,宜蘭縣,"298,750"
2013/3/1,汽油,新竹縣,"292,925"
2013/3/1,汽油,苗栗縣,"362,909"
2013/3/1,汽油,彰化縣,"925,681"
2013/3/1,汽油,南投縣,"359,924"
2013/3/1,汽油,雲林縣,"479,965"
2013/3/1,汽油,嘉義縣,"366,090"
2013/3/1,汽油,屏東縣,"699,667"
2013/3/1,汽油,臺東縣,"176,283"
2013/3/1,汽油,花蓮縣,"243,955"
2013/3/1,汽油,澎湖縣,"71,888"
2013/3/1,汽油,基隆市,"195,251"
2013/3/1,汽油,新竹市,"271,792"
2013/3/1,汽油,嘉義市,"201,641"
2013/3/1,汽油,金門縣,"47,214"
2013/3/1,汽油,連江縣,"5,261"
2013/3/1,電能,新北市,"6,095"
2013/3/1,電能,臺北市,"3,534"
2013/3/1,電能,桃園市,"3,601"
2013/3/1,電能,臺中市,"2,540"
2013/3/1,電能,臺南市,"2,336"
2013/3/1,電能,高雄市,"5,609"
2013/3/1,電能,宜蘭縣,279
2013/3/1,電能,新竹縣,497
2013/3/1,電能,苗栗縣,524
2013/3/1,電能,彰化縣,994
2013/3/1,電能,南投縣,"1,061"
2013/3/1,電能,雲林縣,515
2013/3/1,電能,嘉義縣,374
2013/3/1,電能,屏東縣,945
2013/3/1,電能,臺東縣,164
2013/3/1,電能,花蓮縣,217
2013/3/1,電能,澎湖縣,"2,374"
2013/3/1,電能,基隆市,164
2013/3/1,電能,新竹市,613
2013/3/1,電能,嘉義市,562
2013/3/1,電能,金門縣,169
2013/3/1,電能,連江縣,3
2013/4/1,汽油,新北市,"2,369,297"
2013/4/1,汽油,臺北市,"1,098,088"
2013/4/1,汽油,桃園市,"1,161,398"
2013/4/1,汽油,臺中市,"1,747,980"
2013/4/1,汽油,臺南市,"1,420,037"
2013/4/1,汽油,高雄市,"2,276,029"
2013/4/1,汽油,宜蘭縣,"298,743"
2013/4/1,汽油,新竹縣,"293,362"
2013/4/1,汽油,苗栗縣,"363,335"
2013/4/1,汽油,彰化縣,"912,355"
2013/4/1,汽油,南投縣,"353,341"
2013/4/1,汽油,雲林縣,"479,948"
2013/4/1,汽油,嘉義縣,"366,023"
2013/4/1,汽油,屏東縣,"700,557"
2013/4/1,汽油,臺東縣,"176,777"
2013/4/1,汽油,花蓮縣,"243,893"
2013/4/1,汽油,澎湖縣,"72,221"
2013/4/1,汽油,基隆市,"195,237"
2013/4/1,汽油,新竹市,"271,988"
2013/4/1,汽油,嘉義市,"201,910"
2013/4/1,汽油,金門縣,"47,454"
2013/4/1,汽油,連江縣,"5,300"
2013/4/1,電能,新北市,"6,179"
2013/4/1,電能,臺北市,"3,538"
2013/4/1,電能,桃園市,"3,612"
2013/4/1,電能,臺中市,"2,604"
2013/4/1,電能,臺南市,"2,359"
2013/4/1,電能,高雄市,"5,634"
2013/4/1,電能,宜蘭縣,285
2013/4/1,電能,新竹縣,507
2013/4/1,電能,苗栗縣,527
2013/4/1,電能,彰化縣,"1,035"
2013/4/1,電能,南投縣,"1,059"
2013/4/1,電能,雲林縣,538
2013/4/1,電能,嘉義縣,379
2013/4/1,電能,屏東縣,967
2013/4/1,電能,臺東縣,168
2013/4/1,電能,花蓮縣,220
2013/4/1,電能,澎湖縣,"2,410"
2013/4/1,電能,基隆市,165
2013/4/1,電能,新竹市,644
2013/4/1,電能,嘉義市,564
2013/4/1,電能,金門縣,183
2013/4/1,電能,連江縣,3
2013/5/1,汽油,新北市,"2,372,945"
2013/5/1,汽油,臺北市,"1,100,031"
2013/5/1,汽油,桃園市,"1,163,511"
2013/5/1,汽油,臺中市,"1,750,628"
2013/5/1,汽油,臺南市,"1,420,304"
2013/5/1,汽油,高雄市,"2,277,775"
2013/5/1,汽油,宜蘭縣,"298,960"
2013/5/1,汽油,新竹縣,"294,186"
2013/5/1,汽油,苗栗縣,"364,028"
2013/5/1,汽油,彰化縣,"912,822"
2013/5/1,汽油,南投縣,"353,559"
2013/5/1,汽油,雲林縣,"480,277"
2013/5/1,汽油,嘉義縣,"366,360"
2013/5/1,汽油,屏東縣,"701,727"
2013/5/1,汽油,臺東縣,"177,085"
2013/5/1,汽油,花蓮縣,"244,123"
2013/5/1,汽油,澎湖縣,"72,403"
2013/5/1,汽油,基隆市,"195,586"
2013/5/1,汽油,新竹市,"272,444"
2013/5/1,汽油,嘉義市,"202,036"
2013/5/1,汽油,金門縣,"47,696"
2013/5/1,汽油,連江縣,"5,346"
2013/5/1,電能,新北市,"6,233"
2013/5/1,電能,臺北市,"3,587"
2013/5/1,電能,桃園市,"3,665"
2013/5/1,電能,臺中市,"2,640"
2013/5/1,電能,臺南市,"2,374"
2013/5/1,電能,高雄市,"5,663"
2013/5/1,電能,宜蘭縣,289
2013/5/1,電能,新竹縣,519
2013/5/1,電能,苗栗縣,528
2013/5/1,電能,彰化縣,"1,074"
2013/5/1,電能,南投縣,"1,058"
2013/5/1,電能,雲林縣,546
2013/5/1,電能,嘉義縣,384
2013/5/1,電能,屏東縣,966
2013/5/1,電能,臺東縣,169
2013/5/1,電能,花蓮縣,225
2013/5/1,電能,澎湖縣,"2,774"
2013/5/1,電能,基隆市,167
2013/5/1,電能,新竹市,660
2013/5/1,電能,嘉義市,561
2013/5/1,電能,金門縣,185
2013/5/1,電能,連江縣,3
2013/6/1,汽油,新北市,"2,377,762"
2013/6/1,汽油,臺北市,"1,101,936"
2013/6/1,汽油,桃園市,"1,165,846"
2013/6/1,汽油,臺中市,"1,755,442"
2013/6/1,汽油,臺南市,"1,423,385"
2013/6/1,汽油,高雄市,"2,280,575"
2013/6/1,汽油,宜蘭縣,"299,692"
2013/6/1,汽油,新竹縣,"295,126"
2013/6/1,汽油,苗栗縣,"365,146"
2013/6/1,汽油,彰化縣,"914,959"
2013/6/1,汽油,南投縣,"354,393"
2013/6/1,汽油,雲林縣,"481,411"
2013/6/1,汽油,嘉義縣,"367,076"
2013/6/1,汽油,屏東縣,"703,607"
2013/6/1,汽油,臺東縣,"177,485"
2013/6/1,汽油,花蓮縣,"244,524"
2013/6/1,汽油,澎湖縣,"72,645"
2013/6/1,汽油,基隆市,"196,199"
2013/6/1,汽油,新竹市,"272,954"
2013/6/1,汽油,嘉義市,"202,354"
2013/6/1,汽油,金門縣,"48,101"
2013/6/1,汽油,連江縣,"5,434"
2013/6/1,電能,新北市,"6,290"
2013/6/1,電能,臺北市,"3,661"
2013/6/1,電能,桃園市,"3,694"
2013/6/1,電能,臺中市,"2,673"
2013/6/1,電能,臺南市,"2,384"
2013/6/1,電能,高雄市,"5,706"
2013/6/1,電能,宜蘭縣,294
2013/6/1,電能,新竹縣,523
2013/6/1,電能,苗栗縣,532
2013/6/1,電能,彰化縣,"1,103"
2013/6/1,電能,南投縣,"1,061"
2013/6/1,電能,雲林縣,590
2013/6/1,電能,嘉義縣,385
2013/6/1,電能,屏東縣,970
2013/6/1,電能,臺東縣,172
2013/6/1,電能,花蓮縣,235
2013/6/1,電能,澎湖縣,"3,181"
2013/6/1,電能,基隆市,170
2013/6/1,電能,新竹市,663
2013/6/1,電能,嘉義市,566
2013/6/1,電能,金門縣,194
2013/6/1,電能,連江縣,3
2013/7/1,汽油,新北市,"2,380,831"
2013/7/1,汽油,臺北市,"1,100,752"
2013/7/1,汽油,桃園市,"1,168,463"
2013/7/1,汽油,臺中市,"1,759,177"
2013/7/1,汽油,臺南市,"1,423,542"
2013/7/1,汽油,高雄市,"2,283,170"
2013/7/1,汽油,宜蘭縣,"300,446"
2013/7/1,汽油,新竹縣,"295,892"
2013/7/1,汽油,苗栗縣,"364,841"
2013/7/1,汽油,彰化縣,"916,534"
2013/7/1,汽油,南投縣,"354,942"
2013/7/1,汽油,雲林縣,"481,051"
2013/7/1,汽油,嘉義縣,"367,102"
2013/7/1,汽油,屏東縣,"705,168"
2013/7/1,汽油,臺東縣,"177,865"
2013/7/1,汽油,花蓮縣,"244,370"
2013/7/1,汽油,澎湖縣,"72,751"
2013/7/1,汽油,基隆市,"196,635"
2013/7/1,汽油,新竹市,"273,084"
2013/7/1,汽油,嘉義市,"202,177"
2013/7/1,汽油,金門縣,"48,567"
2013/7/1,汽油,連江縣,"5,478"
2013/7/1,電能,新北市,"6,322"
2013/7/1,電能,臺北市,"3,698"
2013/7/1,電能,桃園市,"3,773"
2013/7/1,電能,臺中市,"2,730"
2013/7/1,電能,臺南市,"2,403"
2013/7/1,電能,高雄市,"5,782"
2013/7/1,電能,宜蘭縣,296
2013/7/1,電能,新竹縣,525
2013/7/1,電能,苗栗縣,541
2013/7/1,電能,彰化縣,"1,144"
2013/7/1,電能,南投縣,"1,081"
2013/7/1,電能,雲林縣,600
2013/7/1,電能,嘉義縣,392
2013/7/1,電能,屏東縣,977
2013/7/1,電能,臺東縣,174
2013/7/1,電能,花蓮縣,235
2013/7/1,電能,澎湖縣,"3,387"
2013/7/1,電能,基隆市,171
2013/7/1,電能,新竹市,680
2013/7/1,電能,嘉義市,575
2013/7/1,電能,金門縣,196
2013/7/1,電能,連江縣,3
2013/8/1,汽油,新北市,"2,345,615"
2013/8/1,汽油,臺北市,"1,080,944"
2013/8/1,汽油,桃園市,"1,153,042"
2013/8/1,汽油,臺中市,"1,750,441"
2013/8/1,汽油,臺南市,"1,408,452"
2013/8/1,汽油,高雄市,"2,230,957"
2013/8/1,汽油,宜蘭縣,"292,215"
2013/8/1,汽油,新竹縣,"289,845"
2013/8/1,汽油,苗栗縣,"355,049"
2013/8/1,汽油,彰化縣,"914,178"
2013/8/1,汽油,南投縣,"351,121"
2013/8/1,汽油,雲林縣,"477,766"
2013/8/1,汽油,嘉義縣,"363,644"
2013/8/1,汽油,屏東縣,"688,366"
2013/8/1,汽油,臺東縣,"176,591"
2013/8/1,汽油,花蓮縣,"239,360"
2013/8/1,汽油,澎湖縣,"71,632"
2013/8/1,汽油,基隆市,"193,460"
2013/8/1,汽油,新竹市,"267,278"
2013/8/1,汽油,嘉義市,"198,679"
2013/8/1,汽油,金門縣,"48,679"
2013/8/1,汽油,連江縣,"5,488"
2013/8/1,電能,新北市,"6,415"
2013/8/1,電能,臺北市,"3,739"
2013/8/1,電能,桃園市,"3,852"
2013/8/1,電能,臺中市,"2,790"
2013/8/1,電能,臺南市,"2,419"
2013/8/1,電能,高雄市,"5,872"
2013/8/1,電能,宜蘭縣,300
2013/8/1,電能,新竹縣,529
2013/8/1,電能,苗栗縣,541
2013/8/1,電能,彰化縣,"1,168"
2013/8/1,電能,南投縣,"1,080"
2013/8/1,電能,雲林縣,619
2013/8/1,電能,嘉義縣,398
2013/8/1,電能,屏東縣,982
2013/8/1,電能,臺東縣,177
2013/8/1,電能,花蓮縣,236
2013/8/1,電能,澎湖縣,"3,477"
2013/8/1,電能,基隆市,170
2013/8/1,電能,新竹市,686
2013/8/1,電能,嘉義市,575
2013/8/1,電能,金門縣,199
2013/8/1,電能,連江縣,3
2013/9/1,汽油,新北市,"2,271,422"
2013/9/1,汽油,臺北市,"1,052,722"
2013/9/1,汽油,桃園市,"1,125,055"
2013/9/1,汽油,臺中市,"1,688,899"
2013/9/1,汽油,臺南市,"1,330,822"
2013/9/1,汽油,高雄市,"2,106,699"
2013/9/1,汽油,宜蘭縣,"282,334"
2013/9/1,汽油,新竹縣,"283,760"
2013/9/1,汽油,苗栗縣,"341,166"
2013/9/1,汽油,彰化縣,"869,212"
2013/9/1,汽油,南投縣,"333,236"
2013/9/1,汽油,雲林縣,"454,454"
2013/9/1,汽油,嘉義縣,"344,984"
2013/9/1,汽油,屏東縣,"655,970"
2013/9/1,汽油,臺東縣,"170,614"
2013/9/1,汽油,花蓮縣,"227,338"
2013/9/1,汽油,澎湖縣,"69,991"
2013/9/1,汽油,基隆市,"188,394"
2013/9/1,汽油,新竹市,"261,847"
2013/9/1,汽油,嘉義市,"190,405"
2013/9/1,汽油,金門縣,"47,695"
2013/9/1,汽油,連江縣,"5,377"
2013/9/1,電能,新北市,"6,471"
2013/9/1,電能,臺北市,"3,790"
2013/9/1,電能,桃園市,"3,896"
2013/9/1,電能,臺中市,"2,829"
2013/9/1,電能,臺南市,"2,421"
2013/9/1,電能,高雄市,"5,902"
2013/9/1,電能,宜蘭縣,300
2013/9/1,電能,新竹縣,534
2013/9/1,電能,苗栗縣,541
2013/9/1,電能,彰化縣,"1,193"
2013/9/1,電能,南投縣,"1,080"
2013/9/1,電能,雲林縣,640
2013/9/1,電能,嘉義縣,405
2013/9/1,電能,屏東縣,966
2013/9/1,電能,臺東縣,223
2013/9/1,電能,花蓮縣,238
2013/9/1,電能,澎湖縣,"3,469"
2013/9/1,電能,基隆市,171
2013/9/1,電能,新竹市,700
2013/9/1,電能,嘉義市,575
2013/9/1,電能,金門縣,201
2013/9/1,電能,連江縣,3
2013/10/1,汽油,新北市,"2,278,736"
2013/10/1,汽油,臺北市,"1,049,948"
2013/10/1,汽油,桃園市,"1,123,914"
2013/10/1,汽油,臺中市,"1,683,971"
2013/10/1,汽油,臺南市,"1,327,369"
2013/10/1,汽油,高雄市,"2,101,143"
2013/10/1,汽油,宜蘭縣,"282,086"
2013/10/1,汽油,新竹縣,"283,948"
2013/10/1,汽油,苗栗縣,"341,139"
2013/10/1,汽油,彰化縣,"858,715"
2013/10/1,汽油,南投縣,"332,327"
2013/10/1,汽油,雲林縣,"452,873"
2013/10/1,汽油,嘉義縣,"343,702"
2013/10/1,汽油,屏東縣,"654,395"
2013/10/1,汽油,臺東縣,"162,194"
2013/10/1,汽油,花蓮縣,"228,931"
2013/10/1,汽油,澎湖縣,"69,902"
2013/10/1,汽油,基隆市,"189,296"
2013/10/1,汽油,新竹市,"261,627"
2013/10/1,汽油,嘉義市,"189,742"
2013/10/1,汽油,金門縣,"47,935"
2013/10/1,汽油,連江縣,"5,391"
2013/10/1,電能,新北市,"6,527"
2013/10/1,電能,臺北市,"3,789"
2013/10/1,電能,桃園市,"3,982"
2013/10/1,電能,臺中市,"2,889"
2013/10/1,電能,臺南市,"2,434"
2013/10/1,電能,高雄市,"5,956"
2013/10/1,電能,宜蘭縣,306
2013/10/1,電能,新竹縣,535
2013/10/1,電能,苗栗縣,546
2013/10/1,電能,彰化縣,"1,201"
2013/10/1,電能,南投縣,"1,080"
2013/10/1,電能,雲林縣,658
2013/10/1,電能,嘉義縣,406
2013/10/1,電能,屏東縣,971
2013/10/1,電能,臺東縣,272
2013/10/1,電能,花蓮縣,238
2013/10/1,電能,澎湖縣,"3,466"
2013/10/1,電能,基隆市,173
2013/10/1,電能,新竹市,720
2013/10/1,電能,嘉義市,572
2013/10/1,電能,金門縣,201
2013/10/1,電能,連江縣,3
2013/11/1,汽油,新北市,"2,277,070"
2013/11/1,汽油,臺北市,"1,049,673"
2013/11/1,汽油,桃園市,"1,124,194"
2013/11/1,汽油,臺中市,"1,683,172"
2013/11/1,汽油,臺南市,"1,325,539"
2013/11/1,汽油,高雄市,"2,099,635"
2013/11/1,汽油,宜蘭縣,"281,972"
2013/11/1,汽油,新竹縣,"283,523"
2013/11/1,汽油,苗栗縣,"340,867"
2013/11/1,汽油,彰化縣,"857,162"
2013/11/1,汽油,南投縣,"331,903"
2013/11/1,汽油,雲林縣,"451,800"
2013/11/1,汽油,嘉義縣,"342,739"
2013/11/1,汽油,屏東縣,"654,122"
2013/11/1,汽油,臺東縣,"161,536"
2013/11/1,汽油,花蓮縣,"228,386"
2013/11/1,汽油,澎湖縣,"69,851"
2013/11/1,汽油,基隆市,"189,035"
2013/11/1,汽油,新竹市,"261,493"
2013/11/1,汽油,嘉義市,"189,186"
2013/11/1,汽油,金門縣,"47,931"
2013/11/1,汽油,連江縣,"5,396"
2013/11/1,電能,新北市,"6,540"
2013/11/1,電能,臺北市,"3,819"
2013/11/1,電能,桃園市,"4,031"
2013/11/1,電能,臺中市,"2,945"
2013/11/1,電能,臺南市,"2,447"
2013/11/1,電能,高雄市,"6,088"
2013/11/1,電能,宜蘭縣,309
2013/11/1,電能,新竹縣,556
2013/11/1,電能,苗栗縣,546
2013/11/1,電能,彰化縣,"1,224"
2013/11/1,電能,南投縣,"1,078"
2013/11/1,電能,雲林縣,676
2013/11/1,電能,嘉義縣,412
2013/11/1,電能,屏東縣,"1,029"
2013/11/1,電能,臺東縣,415
2013/11/1,電能,花蓮縣,237
2013/11/1,電能,澎湖縣,"3,445"
2013/11/1,電能,基隆市,176
2013/11/1,電能,新竹市,724
2013/11/1,電能,嘉義市,572
2013/11/1,電能,金門縣,207
2013/11/1,電能,連江縣,3
2013/12/1,汽油,新北市,"2,262,420"
2013/12/1,汽油,臺北市,"1,030,975"
2013/12/1,汽油,桃園市,"1,121,306"
2013/12/1,汽油,臺中市,"1,675,435"
2013/12/1,汽油,臺南市,"1,318,499"
2013/12/1,汽油,高雄市,"2,083,235"
2013/12/1,汽油,宜蘭縣,"280,074"
2013/12/1,汽油,新竹縣,"281,702"
2013/12/1,汽油,苗栗縣,"338,857"
2013/12/1,汽油,彰化縣,"850,823"
2013/12/1,汽油,南投縣,"329,563"
2013/12/1,汽油,雲林縣,"449,346"
2013/12/1,汽油,嘉義縣,"341,008"
2013/12/1,汽油,屏東縣,"648,651"
2013/12/1,汽油,臺東縣,"160,138"
2013/12/1,汽油,花蓮縣,"226,933"
2013/12/1,汽油,澎湖縣,"69,596"
2013/12/1,汽油,基隆市,"187,506"
2013/12/1,汽油,新竹市,"260,353"
2013/12/1,汽油,嘉義市,"187,372"
2013/12/1,汽油,金門縣,"47,599"
2013/12/1,汽油,連江縣,"5,289"
2013/12/1,電能,新北市,"6,707"
2013/12/1,電能,臺北市,"3,831"
2013/12/1,電能,桃園市,"4,084"
2013/12/1,電能,臺中市,"2,950"
2013/12/1,電能,臺南市,"2,477"
2013/12/1,電能,高雄市,"6,287"
2013/12/1,電能,宜蘭縣,305
2013/12/1,電能,新竹縣,563
2013/12/1,電能,苗栗縣,547
2013/12/1,電能,彰化縣,"1,237"
2013/12/1,電能,南投縣,"1,075"
2013/12/1,電能,雲林縣,681
2013/12/1,電能,嘉義縣,432
2013/12/1,電能,屏東縣,"1,027"
2013/12/1,電能,臺東縣,735
2013/12/1,電能,花蓮縣,237
2013/12/1,電能,澎湖縣,"3,432"
2013/12/1,電能,基隆市,180
2013/12/1,電能,新竹市,731
2013/12/1,電能,嘉義市,564
2013/12/1,電能,金門縣,288
2013/12/1,電能,連江縣,3
2014/1/1,汽油,新北市,"2,261,434"
2014/1/1,汽油,臺北市,"1,032,457"
2014/1/1,汽油,桃園市,"1,122,778"
2014/1/1,汽油,臺中市,"1,676,748"
2014/1/1,汽油,臺南市,"1,320,191"
2014/1/1,汽油,高雄市,"2,085,476"
2014/1/1,汽油,宜蘭縣,"280,397"
2014/1/1,汽油,新竹縣,"282,116"
2014/1/1,汽油,苗栗縣,"338,487"
2014/1/1,汽油,彰化縣,"851,435"
2014/1/1,汽油,南投縣,"329,936"
2014/1/1,汽油,雲林縣,"449,755"
2014/1/1,汽油,嘉義縣,"341,321"
2014/1/1,汽油,屏東縣,"643,154"
2014/1/1,汽油,臺東縣,"160,368"
2014/1/1,汽油,花蓮縣,"226,736"
2014/1/1,汽油,澎湖縣,"69,682"
2014/1/1,汽油,基隆市,"185,814"
2014/1/1,汽油,新竹市,"260,917"
2014/1/1,汽油,嘉義市,"188,036"
2014/1/1,汽油,金門縣,"47,655"
2014/1/1,汽油,連江縣,"5,313"
2014/1/1,電能,新北市,"6,658"
2014/1/1,電能,臺北市,"3,868"
2014/1/1,電能,桃園市,"4,091"
2014/1/1,電能,臺中市,"2,958"
2014/1/1,電能,臺南市,"2,484"
2014/1/1,電能,高雄市,"6,277"
2014/1/1,電能,宜蘭縣,310
2014/1/1,電能,新竹縣,560
2014/1/1,電能,苗栗縣,546
2014/1/1,電能,彰化縣,"1,239"
2014/1/1,電能,南投縣,"1,072"
2014/1/1,電能,雲林縣,686
2014/1/1,電能,嘉義縣,434
2014/1/1,電能,屏東縣,"1,046"
2014/1/1,電能,臺東縣,736
2014/1/1,電能,花蓮縣,239
2014/1/1,電能,澎湖縣,"3,426"
2014/1/1,電能,基隆市,179
2014/1/1,電能,新竹市,738
2014/1/1,電能,嘉義市,581
2014/1/1,電能,金門縣,287
2014/1/1,電能,連江縣,3
2014/2/1,汽油,新北市,"2,259,881"
2014/2/1,汽油,臺北市,"1,034,241"
2014/2/1,汽油,桃園市,"1,124,062"
2014/2/1,汽油,臺中市,"1,678,748"
2014/2/1,汽油,臺南市,"1,321,832"
2014/2/1,汽油,高雄市,"2,080,025"
2014/2/1,汽油,宜蘭縣,"280,762"
2014/2/1,汽油,新竹縣,"282,491"
2014/2/1,汽油,苗栗縣,"338,598"
2014/2/1,汽油,彰化縣,"851,837"
2014/2/1,汽油,南投縣,"330,335"
2014/2/1,汽油,雲林縣,"450,075"
2014/2/1,汽油,嘉義縣,"341,587"
2014/2/1,汽油,屏東縣,"638,652"
2014/2/1,汽油,臺東縣,"160,465"
2014/2/1,汽油,花蓮縣,"225,857"
2014/2/1,汽油,澎湖縣,"69,684"
2014/2/1,汽油,基隆市,"184,178"
2014/2/1,汽油,新竹市,"261,091"
2014/2/1,汽油,嘉義市,"188,206"
2014/2/1,汽油,金門縣,"47,469"
2014/2/1,汽油,連江縣,"5,321"
2014/2/1,電能,新北市,"6,641"
2014/2/1,電能,臺北市,"3,894"
2014/2/1,電能,桃園市,"4,108"
2014/2/1,電能,臺中市,"2,967"
2014/2/1,電能,臺南市,"2,485"
2014/2/1,電能,高雄市,"6,275"
2014/2/1,電能,宜蘭縣,311
2014/2/1,電能,新竹縣,564
2014/2/1,電能,苗栗縣,549
2014/2/1,電能,彰化縣,"1,239"
2014/2/1,電能,南投縣,"1,073"
2014/2/1,電能,雲林縣,698
2014/2/1,電能,嘉義縣,433
2014/2/1,電能,屏東縣,"1,056"
2014/2/1,電能,臺東縣,737
2014/2/1,電能,花蓮縣,240
2014/2/1,電能,澎湖縣,"3,421"
2014/2/1,電能,基隆市,179
2014/2/1,電能,新竹市,738
2014/2/1,電能,嘉義市,579
2014/2/1,電能,金門縣,288
2014/2/1,電能,連江縣,3
2014/3/1,汽油,新北市,"2,248,661"
2014/3/1,汽油,臺北市,"989,525"
2014/3/1,汽油,桃園市,"1,124,131"
2014/3/1,汽油,臺中市,"1,679,697"
2014/3/1,汽油,臺南市,"1,323,365"
2014/3/1,汽油,高雄市,"2,076,151"
2014/3/1,汽油,宜蘭縣,"280,708"
2014/3/1,汽油,新竹縣,"280,026"
2014/3/1,汽油,苗栗縣,"338,932"
2014/3/1,汽油,彰化縣,"853,073"
2014/3/1,汽油,南投縣,"329,979"
2014/3/1,汽油,雲林縣,"450,305"
2014/3/1,汽油,嘉義縣,"341,728"
2014/3/1,汽油,屏東縣,"636,328"
2014/3/1,汽油,臺東縣,"160,678"
2014/3/1,汽油,花蓮縣,"223,738"
2014/3/1,汽油,澎湖縣,"70,260"
2014/3/1,汽油,基隆市,"183,158"
2014/3/1,汽油,新竹市,"261,380"
2014/3/1,汽油,嘉義市,"188,389"
2014/3/1,汽油,金門縣,"47,712"
2014/3/1,汽油,連江縣,"5,311"
2014/3/1,電能,新北市,"6,597"
2014/3/1,電能,臺北市,"3,886"
2014/3/1,電能,桃園市,"4,304"
2014/3/1,電能,臺中市,"3,104"
2014/3/1,電能,臺南市,"2,492"
2014/3/1,電能,高雄市,"6,279"
2014/3/1,電能,宜蘭縣,315
2014/3/1,電能,新竹縣,567
2014/3/1,電能,苗栗縣,551
2014/3/1,電能,彰化縣,"1,236"
2014/3/1,電能,南投縣,"1,066"
2014/3/1,電能,雲林縣,736
2014/3/1,電能,嘉義縣,437
2014/3/1,電能,屏東縣,"1,060"
2014/3/1,電能,臺東縣,745
2014/3/1,電能,花蓮縣,240
2014/3/1,電能,澎湖縣,"3,394"
2014/3/1,電能,基隆市,179
2014/3/1,電能,新竹市,747
2014/3/1,電能,嘉義市,598
2014/3/1,電能,金門縣,291
2014/3/1,電能,連江縣,3
2014/4/1,汽油,新北市,"2,243,788"
2014/4/1,汽油,臺北市,"1,022,807"
2014/4/1,汽油,桃園市,"1,123,518"
2014/4/1,汽油,臺中市,"1,675,566"
2014/4/1,汽油,臺南市,"1,323,118"
2014/4/1,汽油,高雄市,"2,075,489"
2014/4/1,汽油,宜蘭縣,"280,590"
2014/4/1,汽油,新竹縣,"280,064"
2014/4/1,汽油,苗栗縣,"338,759"
2014/4/1,汽油,彰化縣,"831,603"
2014/4/1,汽油,南投縣,"329,931"
2014/4/1,汽油,雲林縣,"449,842"
2014/4/1,汽油,嘉義縣,"341,591"
2014/4/1,汽油,屏東縣,"635,981"
2014/4/1,汽油,臺東縣,"160,510"
2014/4/1,汽油,花蓮縣,"222,838"
2014/4/1,汽油,澎湖縣,"70,572"
2014/4/1,汽油,基隆市,"183,123"
2014/4/1,汽油,新竹市,"261,639"
2014/4/1,汽油,嘉義市,"188,362"
2014/4/1,汽油,金門縣,"47,915"
2014/4/1,汽油,連江縣,"5,370"
2014/4/1,電能,新北市,"6,575"
2014/4/1,電能,臺北市,"3,898"
2014/4/1,電能,桃園市,"4,439"
2014/4/1,電能,臺中市,"3,153"
2014/4/1,電能,臺南市,"2,506"
2014/4/1,電能,高雄市,"6,301"
2014/4/1,電能,宜蘭縣,317
2014/4/1,電能,新竹縣,573
2014/4/1,電能,苗栗縣,552
2014/4/1,電能,彰化縣,"1,240"
2014/4/1,電能,南投縣,"1,068"
2014/4/1,電能,雲林縣,735
2014/4/1,電能,嘉義縣,445
2014/4/1,電能,屏東縣,"1,059"
2014/4/1,電能,臺東縣,848
2014/4/1,電能,花蓮縣,240
2014/4/1,電能,澎湖縣,"3,295"
2014/4/1,電能,基隆市,180
2014/4/1,電能,新竹市,758
2014/4/1,電能,嘉義市,603
2014/4/1,電能,金門縣,291
2014/4/1,電能,連江縣,3
2014/5/1,汽油,新北市,"2,222,374"
2014/5/1,汽油,臺北市,"987,971"
2014/5/1,汽油,桃園市,"1,123,004"
2014/5/1,汽油,臺中市,"1,644,192"
2014/5/1,汽油,臺南市,"1,297,065"
2014/5/1,汽油,高雄市,"2,071,189"
2014/5/1,汽油,宜蘭縣,"276,953"
2014/5/1,汽油,新竹縣,"279,335"
2014/5/1,汽油,苗栗縣,"336,716"
2014/5/1,汽油,彰化縣,"828,011"
2014/5/1,汽油,南投縣,"322,087"
2014/5/1,汽油,雲林縣,"441,252"
2014/5/1,汽油,嘉義縣,"333,798"
2014/5/1,汽油,屏東縣,"635,132"
2014/5/1,汽油,臺東縣,"158,001"
2014/5/1,汽油,花蓮縣,"216,577"
2014/5/1,汽油,澎湖縣,"70,790"
2014/5/1,汽油,基隆市,"181,679"
2014/5/1,汽油,新竹市,"261,870"
2014/5/1,汽油,嘉義市,"183,704"
2014/5/1,汽油,金門縣,"48,101"
2014/5/1,汽油,連江縣,"5,346"
2014/5/1,電能,新北市,"6,601"
2014/5/1,電能,臺北市,"3,903"
2014/5/1,電能,桃園市,"4,470"
2014/5/1,電能,臺中市,"3,196"
2014/5/1,電能,臺南市,"2,510"
2014/5/1,電能,高雄市,"6,306"
2014/5/1,電能,宜蘭縣,318
2014/5/1,電能,新竹縣,580
2014/5/1,電能,苗栗縣,550
2014/5/1,電能,彰化縣,"1,252"
2014/5/1,電能,南投縣,"1,069"
2014/5/1,電能,雲林縣,747
2014/5/1,電能,嘉義縣,447
2014/5/1,電能,屏東縣,"1,061"
2014/5/1,電能,臺東縣,853
2014/5/1,電能,花蓮縣,240
2014/5/1,電能,澎湖縣,"3,287"
2014/5/1,電能,基隆市,178
2014/5/1,電能,新竹市,761
2014/5/1,電能,嘉義市,614
2014/5/1,電能,金門縣,293
2014/5/1,電能,連江縣,3
2014/6/1,汽油,新北市,"2,216,524"
2014/6/1,汽油,臺北市,"986,912"
2014/6/1,汽油,桃園市,"1,104,274"
2014/6/1,汽油,臺中市,"1,644,489"
2014/6/1,汽油,臺南市,"1,298,525"
2014/6/1,汽油,高雄市,"2,016,562"
2014/6/1,汽油,宜蘭縣,"276,790"
2014/6/1,汽油,新竹縣,"276,984"
2014/6/1,汽油,苗栗縣,"329,851"
2014/6/1,汽油,彰化縣,"826,625"
2014/6/1,汽油,南投縣,"318,756"
2014/6/1,汽油,雲林縣,"441,078"
2014/6/1,汽油,嘉義縣,"334,227"
2014/6/1,汽油,屏東縣,"622,167"
2014/6/1,汽油,臺東縣,"156,247"
2014/6/1,汽油,花蓮縣,"215,342"
2014/6/1,汽油,澎湖縣,"69,518"
2014/6/1,汽油,基隆市,"181,726"
2014/6/1,汽油,新竹市,"257,954"
2014/6/1,汽油,嘉義市,"184,017"
2014/6/1,汽油,金門縣,"48,536"
2014/6/1,汽油,連江縣,"5,432"
2014/6/1,電能,新北市,"6,642"
2014/6/1,電能,臺北市,"3,924"
2014/6/1,電能,桃園市,"4,549"
2014/6/1,電能,臺中市,"3,340"
2014/6/1,電能,臺南市,"2,520"
2014/6/1,電能,高雄市,"6,318"
2014/6/1,電能,宜蘭縣,326
2014/6/1,電能,新竹縣,582
2014/6/1,電能,苗栗縣,553
2014/6/1,電能,彰化縣,"1,263"
2014/6/1,電能,南投縣,"1,066"
2014/6/1,電能,雲林縣,750
2014/6/1,電能,嘉義縣,451
2014/6/1,電能,屏東縣,"1,068"
2014/6/1,電能,臺東縣,869
2014/6/1,電能,花蓮縣,241
2014/6/1,電能,澎湖縣,"3,282"
2014/6/1,電能,基隆市,178
2014/6/1,電能,新竹市,766
2014/6/1,電能,嘉義市,629
2014/6/1,電能,金門縣,294
2014/6/1,電能,連江縣,3
2014/7/1,汽油,新北市,"2,186,251"
2014/7/1,汽油,臺北市,"977,070"
2014/7/1,汽油,桃園市,"1,097,633"
2014/7/1,汽油,臺中市,"1,637,779"
2014/7/1,汽油,臺南市,"1,286,156"
2014/7/1,汽油,高雄市,"2,006,059"
2014/7/1,汽油,宜蘭縣,"275,100"
2014/7/1,汽油,新竹縣,"276,219"
2014/7/1,汽油,苗栗縣,"327,721"
2014/7/1,汽油,彰化縣,"821,352"
2014/7/1,汽油,南投縣,"315,888"
2014/7/1,汽油,雲林縣,"435,719"
2014/7/1,汽油,嘉義縣,"330,934"
2014/7/1,汽油,屏東縣,"617,933"
2014/7/1,汽油,臺東縣,"154,850"
2014/7/1,汽油,花蓮縣,"213,765"
2014/7/1,汽油,澎湖縣,"69,260"
2014/7/1,汽油,基隆市,"179,693"
2014/7/1,汽油,新竹市,"256,333"
2014/7/1,汽油,嘉義市,"181,768"
2014/7/1,汽油,金門縣,"48,801"
2014/7/1,汽油,連江縣,"5,465"
2014/7/1,電能,新北市,"6,608"
2014/7/1,電能,臺北市,"3,983"
2014/7/1,電能,桃園市,"4,643"
2014/7/1,電能,臺中市,"3,368"
2014/7/1,電能,臺南市,"2,534"
2014/7/1,電能,高雄市,"6,303"
2014/7/1,電能,宜蘭縣,331
2014/7/1,電能,新竹縣,586
2014/7/1,電能,苗栗縣,556
2014/7/1,電能,彰化縣,"1,274"
2014/7/1,電能,南投縣,"1,072"
2014/7/1,電能,雲林縣,755
2014/7/1,電能,嘉義縣,456
2014/7/1,電能,屏東縣,"1,066"
2014/7/1,電能,臺東縣,922
2014/7/1,電能,花蓮縣,242
2014/7/1,電能,澎湖縣,"3,266"
2014/7/1,電能,基隆市,183
2014/7/1,電能,新竹市,773
2014/7/1,電能,嘉義市,638
2014/7/1,電能,金門縣,296
2014/7/1,電能,連江縣,3
2014/8/1,汽油,新北市,"2,194,424"
2014/8/1,汽油,臺北市,"980,350"
2014/8/1,汽油,桃園市,"1,102,760"
2014/8/1,汽油,臺中市,"1,643,719"
2014/8/1,汽油,臺南市,"1,289,921"
2014/8/1,汽油,高雄市,"2,013,627"
2014/8/1,汽油,宜蘭縣,"276,302"
2014/8/1,汽油,新竹縣,"277,131"
2014/8/1,汽油,苗栗縣,"328,681"
2014/8/1,汽油,彰化縣,"823,907"
2014/8/1,汽油,南投縣,"316,904"
2014/8/1,汽油,雲林縣,"436,676"
2014/8/1,汽油,嘉義縣,"331,762"
2014/8/1,汽油,屏東縣,"620,008"
2014/8/1,汽油,臺東縣,"155,354"
2014/8/1,汽油,花蓮縣,"212,010"
2014/8/1,汽油,澎湖縣,"69,470"
2014/8/1,汽油,基隆市,"180,440"
2014/8/1,汽油,新竹市,"257,481"
2014/8/1,汽油,嘉義市,"182,916"
2014/8/1,汽油,金門縣,"49,176"
2014/8/1,汽油,連江縣,"5,482"
2014/8/1,電能,新北市,"6,728"
2014/8/1,電能,臺北市,"4,018"
2014/8/1,電能,桃園市,"4,672"
2014/8/1,電能,臺中市,"3,397"
2014/8/1,電能,臺南市,"2,537"
2014/8/1,電能,高雄市,"6,353"
2014/8/1,電能,宜蘭縣,335
2014/8/1,電能,新竹縣,589
2014/8/1,電能,苗栗縣,556
2014/8/1,電能,彰化縣,"1,315"
2014/8/1,電能,南投縣,"1,073"
2014/8/1,電能,雲林縣,771
2014/8/1,電能,嘉義縣,462
2014/8/1,電能,屏東縣,"1,071"
2014/8/1,電能,臺東縣,952
2014/8/1,電能,花蓮縣,243
2014/8/1,電能,澎湖縣,"3,266"
2014/8/1,電能,基隆市,184
2014/8/1,電能,新竹市,790
2014/8/1,電能,嘉義市,647
2014/8/1,電能,金門縣,296
2014/8/1,電能,連江縣,3
2014/9/1,汽油,新北市,"2,193,512"
2014/9/1,汽油,臺北市,"980,563"
2014/9/1,汽油,桃園市,"1,097,775"
2014/9/1,汽油,臺中市,"1,643,920"
2014/9/1,汽油,臺南市,"1,290,055"
2014/9/1,汽油,高雄市,"2,011,203"
2014/9/1,汽油,宜蘭縣,"276,337"
2014/9/1,汽油,新竹縣,"277,697"
2014/9/1,汽油,苗栗縣,"329,344"
2014/9/1,汽油,彰化縣,"824,310"
2014/9/1,汽油,南投縣,"317,032"
2014/9/1,汽油,雲林縣,"437,206"
2014/9/1,汽油,嘉義縣,"332,452"
2014/9/1,汽油,屏東縣,"620,728"
2014/9/1,汽油,臺東縣,"155,196"
2014/9/1,汽油,花蓮縣,"212,060"
2014/9/1,汽油,澎湖縣,"69,520"
2014/9/1,汽油,基隆市,"180,817"
2014/9/1,汽油,新竹市,"257,377"
2014/9/1,汽油,嘉義市,"181,832"
2014/9/1,汽油,金門縣,"49,801"
2014/9/1,汽油,連江縣,"5,528"
2014/9/1,電能,新北市,"6,739"
2014/9/1,電能,臺北市,"4,001"
2014/9/1,電能,桃園市,"4,766"
2014/9/1,電能,臺中市,"3,448"
2014/9/1,電能,臺南市,"2,554"
2014/9/1,電能,高雄市,"6,425"
2014/9/1,電能,宜蘭縣,338
2014/9/1,電能,新竹縣,579
2014/9/1,電能,苗栗縣,556
2014/9/1,電能,彰化縣,"1,355"
2014/9/1,電能,南投縣,"1,072"
2014/9/1,電能,雲林縣,777
2014/9/1,電能,嘉義縣,463
2014/9/1,電能,屏東縣,"1,088"
2014/9/1,電能,臺東縣,"1,089"
2014/9/1,電能,花蓮縣,242
2014/9/1,電能,澎湖縣,"3,260"
2014/9/1,電能,基隆市,192
2014/9/1,電能,新竹市,804
2014/9/1,電能,嘉義市,662
2014/9/1,電能,金門縣,296
2014/9/1,電能,連江縣,3
2014/10/1,汽油,新北市,"2,197,029"
2014/10/1,汽油,臺北市,"982,374"
2014/10/1,汽油,桃園市,"1,100,928"
2014/10/1,汽油,臺中市,"1,646,325"
2014/10/1,汽油,臺南市,"1,293,258"
2014/10/1,汽油,高雄市,"2,015,762"
2014/10/1,汽油,宜蘭縣,"277,027"
2014/10/1,汽油,新竹縣,"278,468"
2014/10/1,汽油,苗栗縣,"329,081"
2014/10/1,汽油,彰化縣,"826,296"
2014/10/1,汽油,南投縣,"317,867"
2014/10/1,汽油,雲林縣,"438,104"
2014/10/1,汽油,嘉義縣,"333,142"
2014/10/1,汽油,屏東縣,"622,415"
2014/10/1,汽油,臺東縣,"155,612"
2014/10/1,汽油,花蓮縣,"212,735"
2014/10/1,汽油,澎湖縣,"69,386"
2014/10/1,汽油,基隆市,"180,969"
2014/10/1,汽油,新竹市,"257,903"
2014/10/1,汽油,嘉義市,"182,463"
2014/10/1,汽油,金門縣,"50,156"
2014/10/1,汽油,連江縣,"5,566"
2014/10/1,電能,新北市,"6,726"
2014/10/1,電能,臺北市,"4,032"
2014/10/1,電能,桃園市,"4,985"
2014/10/1,電能,臺中市,"3,475"
2014/10/1,電能,臺南市,"2,555"
2014/10/1,電能,高雄市,"6,470"
2014/10/1,電能,宜蘭縣,337
2014/10/1,電能,新竹縣,588
2014/10/1,電能,苗栗縣,556
2014/10/1,電能,彰化縣,"1,378"
2014/10/1,電能,南投縣,"1,075"
2014/10/1,電能,雲林縣,782
2014/10/1,電能,嘉義縣,471
2014/10/1,電能,屏東縣,"1,160"
2014/10/1,電能,臺東縣,"1,153"
2014/10/1,電能,花蓮縣,242
2014/10/1,電能,澎湖縣,"3,258"
2014/10/1,電能,基隆市,194
2014/10/1,電能,新竹市,818
2014/10/1,電能,嘉義市,666
2014/10/1,電能,金門縣,298
2014/10/1,電能,連江縣,3
2014/11/1,汽油,新北市,"2,196,635"
2014/11/1,汽油,臺北市,"982,399"
2014/11/1,汽油,桃園市,"1,096,838"
2014/11/1,汽油,臺中市,"1,646,511"
2014/11/1,汽油,臺南市,"1,293,220"
2014/11/1,汽油,高雄市,"2,011,374"
2014/11/1,汽油,宜蘭縣,"276,283"
2014/11/1,汽油,新竹縣,"278,609"
2014/11/1,汽油,苗栗縣,"329,126"
2014/11/1,汽油,彰化縣,"826,038"
2014/11/1,汽油,南投縣,"317,804"
2014/11/1,汽油,雲林縣,"438,038"
2014/11/1,汽油,嘉義縣,"333,212"
2014/11/1,汽油,屏東縣,"622,130"
2014/11/1,汽油,臺東縣,"155,604"
2014/11/1,汽油,花蓮縣,"211,684"
2014/11/1,汽油,澎湖縣,"68,950"
2014/11/1,汽油,基隆市,"181,002"
2014/11/1,汽油,新竹市,"256,738"
2014/11/1,汽油,嘉義市,"182,234"
2014/11/1,汽油,金門縣,"50,466"
2014/11/1,汽油,連江縣,"5,573"
2014/11/1,電能,新北市,"6,878"
2014/11/1,電能,臺北市,"4,130"
2014/11/1,電能,桃園市,"5,167"
2014/11/1,電能,臺中市,"3,514"
2014/11/1,電能,臺南市,"2,568"
2014/11/1,電能,高雄市,"6,555"
2014/11/1,電能,宜蘭縣,338
2014/11/1,電能,新竹縣,583
2014/11/1,電能,苗栗縣,555
2014/11/1,電能,彰化縣,"1,396"
2014/11/1,電能,南投縣,"1,076"
2014/11/1,電能,雲林縣,843
2014/11/1,電能,嘉義縣,474
2014/11/1,電能,屏東縣,"1,232"
2014/11/1,電能,臺東縣,"1,325"
2014/11/1,電能,花蓮縣,243
2014/11/1,電能,澎湖縣,"3,255"
2014/11/1,電能,基隆市,192
2014/11/1,電能,新竹市,821
2014/11/1,電能,嘉義市,672
2014/11/1,電能,金門縣,298
2014/11/1,電能,連江縣,8
2014/12/1,汽油,新北市,"2,184,097"
2014/12/1,汽油,臺北市,"976,438"
2014/12/1,汽油,桃園市,"1,090,882"
2014/12/1,汽油,臺中市,"1,644,323"
2014/12/1,汽油,臺南市,"1,286,551"
2014/12/1,汽油,高雄市,"2,003,661"
2014/12/1,汽油,宜蘭縣,"274,566"
2014/12/1,汽油,新竹縣,"277,065"
2014/12/1,汽油,苗栗縣,"326,996"
2014/12/1,汽油,彰化縣,"822,855"
2014/12/1,汽油,南投縣,"315,940"
2014/12/1,汽油,雲林縣,"434,991"
2014/12/1,汽油,嘉義縣,"331,511"
2014/12/1,汽油,屏東縣,"617,974"
2014/12/1,汽油,臺東縣,"154,921"
2014/12/1,汽油,花蓮縣,"208,999"
2014/12/1,汽油,澎湖縣,"68,364"
2014/12/1,汽油,基隆市,"180,385"
2014/12/1,汽油,新竹市,"255,629"
2014/12/1,汽油,嘉義市,"181,242"
2014/12/1,汽油,金門縣,"50,594"
2014/12/1,汽油,連江縣,"5,573"
2014/12/1,電能,新北市,"7,026"
2014/12/1,電能,臺北市,"4,119"
2014/12/1,電能,桃園市,"5,220"
2014/12/1,電能,臺中市,"3,417"
2014/12/1,電能,臺南市,"2,562"
2014/12/1,電能,高雄市,"6,544"
2014/12/1,電能,宜蘭縣,340
2014/12/1,電能,新竹縣,551
2014/12/1,電能,苗栗縣,558
2014/12/1,電能,彰化縣,"1,399"
2014/12/1,電能,南投縣,"1,076"
2014/12/1,電能,雲林縣,839
2014/12/1,電能,嘉義縣,472
2014/12/1,電能,屏東縣,"1,237"
2014/12/1,電能,臺東縣,"1,225"
2014/12/1,電能,花蓮縣,246
2014/12/1,電能,澎湖縣,"3,384"
2014/12/1,電能,基隆市,193
2014/12/1,電能,新竹市,821
2014/12/1,電能,嘉義市,681
2014/12/1,電能,金門縣,397
2014/12/1,電能,連江縣,8
2015/1/1,汽油,新北市,"2,179,525"
2015/1/1,汽油,臺北市,"976,144"
2015/1/1,汽油,桃園市,"1,091,012"
2015/1/1,汽油,臺中市,"1,646,026"
2015/1/1,汽油,臺南市,"1,286,645"
2015/1/1,汽油,高雄市,"2,004,506"
2015/1/1,汽油,宜蘭縣,"272,722"
2015/1/1,汽油,新竹縣,"277,112"
2015/1/1,汽油,苗栗縣,"326,473"
2015/1/1,汽油,彰化縣,"821,026"
2015/1/1,汽油,南投縣,"315,275"
2015/1/1,汽油,雲林縣,"434,530"
2015/1/1,汽油,嘉義縣,"331,224"
2015/1/1,汽油,屏東縣,"617,565"
2015/1/1,汽油,臺東縣,"154,863"
2015/1/1,汽油,花蓮縣,"208,246"
2015/1/1,汽油,澎湖縣,"68,306"
2015/1/1,汽油,基隆市,"179,961"
2015/1/1,汽油,新竹市,"255,554"
2015/1/1,汽油,嘉義市,"181,239"
2015/1/1,汽油,金門縣,"50,910"
2015/1/1,汽油,連江縣,"5,579"
2015/1/1,電能,新北市,"7,006"
2015/1/1,電能,臺北市,"4,122"
2015/1/1,電能,桃園市,"5,227"
2015/1/1,電能,臺中市,"3,426"
2015/1/1,電能,臺南市,"2,555"
2015/1/1,電能,高雄市,"6,558"
2015/1/1,電能,宜蘭縣,338
2015/1/1,電能,新竹縣,546
2015/1/1,電能,苗栗縣,559
2015/1/1,電能,彰化縣,"1,400"
2015/1/1,電能,南投縣,"1,076"
2015/1/1,電能,雲林縣,842
2015/1/1,電能,嘉義縣,473
2015/1/1,電能,屏東縣,"1,232"
2015/1/1,電能,臺東縣,"1,225"
2015/1/1,電能,花蓮縣,247
2015/1/1,電能,澎湖縣,"3,383"
2015/1/1,電能,基隆市,193
2015/1/1,電能,新竹市,825
2015/1/1,電能,嘉義市,683
2015/1/1,電能,金門縣,397
2015/1/1,電能,連江縣,8
2015/2/1,汽油,新北市,"2,176,233"
2015/2/1,汽油,臺北市,"976,237"
2015/2/1,汽油,桃園市,"1,092,377"
2015/2/1,汽油,臺中市,"1,646,908"
2015/2/1,汽油,臺南市,"1,285,195"
2015/2/1,汽油,高雄市,"2,006,353"
2015/2/1,汽油,宜蘭縣,"271,816"
2015/2/1,汽油,新竹縣,"277,484"
2015/2/1,汽油,苗栗縣,"326,723"
2015/2/1,汽油,彰化縣,"820,931"
2015/2/1,汽油,南投縣,"315,266"
2015/2/1,汽油,雲林縣,"433,666"
2015/2/1,汽油,嘉義縣,"330,469"
2015/2/1,汽油,屏東縣,"617,949"
2015/2/1,汽油,臺東縣,"154,717"
2015/2/1,汽油,花蓮縣,"207,356"
2015/2/1,汽油,澎湖縣,"68,128"
2015/2/1,汽油,基隆市,"180,032"
2015/2/1,汽油,新竹市,"255,920"
2015/2/1,汽油,嘉義市,"181,170"
2015/2/1,汽油,金門縣,"51,138"
2015/2/1,汽油,連江縣,"5,583"
2015/2/1,電能,新北市,"6,868"
2015/2/1,電能,臺北市,"4,131"
2015/2/1,電能,桃園市,"5,304"
2015/2/1,電能,臺中市,"3,441"
2015/2/1,電能,臺南市,"2,553"
2015/2/1,電能,高雄市,"6,571"
2015/2/1,電能,宜蘭縣,328
2015/2/1,電能,新竹縣,551
2015/2/1,電能,苗栗縣,561
2015/2/1,電能,彰化縣,"1,414"
2015/2/1,電能,南投縣,"1,078"
2015/2/1,電能,雲林縣,843
2015/2/1,電能,嘉義縣,475
2015/2/1,電能,屏東縣,"1,335"
2015/2/1,電能,臺東縣,"1,227"
2015/2/1,電能,花蓮縣,237
2015/2/1,電能,澎湖縣,"3,471"
2015/2/1,電能,基隆市,195
2015/2/1,電能,新竹市,834
2015/2/1,電能,嘉義市,683
2015/2/1,電能,金門縣,406
2015/2/1,電能,連江縣,8
2015/3/1,汽油,新北市,"2,178,633"
2015/3/1,汽油,臺北市,"977,886"
2015/3/1,汽油,桃園市,"1,095,405"
2015/3/1,汽油,臺中市,"1,625,357"
2015/3/1,汽油,臺南市,"1,285,931"
2015/3/1,汽油,高雄市,"2,010,670"
2015/3/1,汽油,宜蘭縣,"272,013"
2015/3/1,汽油,新竹縣,"278,331"
2015/3/1,汽油,苗栗縣,"327,436"
2015/3/1,汽油,彰化縣,"822,251"
2015/3/1,汽油,南投縣,"315,001"
2015/3/1,汽油,雲林縣,"434,448"
2015/3/1,汽油,嘉義縣,"330,747"
2015/3/1,汽油,屏東縣,"619,170"
2015/3/1,汽油,臺東縣,"153,740"
2015/3/1,汽油,花蓮縣,"204,864"
2015/3/1,汽油,澎湖縣,"68,775"
2015/3/1,汽油,基隆市,"180,363"
2015/3/1,汽油,新竹市,"256,680"
2015/3/1,汽油,嘉義市,"181,526"
2015/3/1,汽油,金門縣,"51,894"
2015/3/1,汽油,連江縣,"5,613"
2015/3/1,電能,新北市,"6,868"
2015/3/1,電能,臺北市,"4,181"
2015/3/1,電能,桃園市,"5,527"
2015/3/1,電能,臺中市,"3,457"
2015/3/1,電能,臺南市,"2,568"
2015/3/1,電能,高雄市,"6,607"
2015/3/1,電能,宜蘭縣,326
2015/3/1,電能,新竹縣,563
2015/3/1,電能,苗栗縣,563
2015/3/1,電能,彰化縣,"1,430"
2015/3/1,電能,南投縣,"1,083"
2015/3/1,電能,雲林縣,844
2015/3/1,電能,嘉義縣,479
2015/3/1,電能,屏東縣,"1,339"
2015/3/1,電能,臺東縣,"1,492"
2015/3/1,電能,花蓮縣,237
2015/3/1,電能,澎湖縣,"3,473"
2015/3/1,電能,基隆市,195
2015/3/1,電能,新竹市,847
2015/3/1,電能,嘉義市,684
2015/3/1,電能,金門縣,408
2015/3/1,電能,連江縣,8
2015/4/1,汽油,新北市,"2,178,416"
2015/4/1,汽油,臺北市,"977,332"
2015/4/1,汽油,桃園市,"1,096,381"
2015/4/1,汽油,臺中市,"1,637,280"
2015/4/1,汽油,臺南市,"1,285,713"
2015/4/1,汽油,高雄市,"2,011,199"
2015/4/1,汽油,宜蘭縣,"272,264"
2015/4/1,汽油,新竹縣,"278,548"
2015/4/1,汽油,苗栗縣,"327,162"
2015/4/1,汽油,彰化縣,"820,554"
2015/4/1,汽油,南投縣,"313,924"
2015/4/1,汽油,雲林縣,"433,889"
2015/4/1,汽油,嘉義縣,"330,575"
2015/4/1,汽油,屏東縣,"619,040"
2015/4/1,汽油,臺東縣,"153,278"
2015/4/1,汽油,花蓮縣,"204,724"
2015/4/1,汽油,澎湖縣,"69,173"
2015/4/1,汽油,基隆市,"180,533"
2015/4/1,汽油,新竹市,"256,510"
2015/4/1,汽油,嘉義市,"181,436"
2015/4/1,汽油,金門縣,"51,885"
2015/4/1,汽油,連江縣,"5,639"
2015/4/1,電能,新北市,"6,851"
2015/4/1,電能,臺北市,"4,201"
2015/4/1,電能,桃園市,"5,626"
2015/4/1,電能,臺中市,"3,513"
2015/4/1,電能,臺南市,"2,573"
2015/4/1,電能,高雄市,"6,626"
2015/4/1,電能,宜蘭縣,327
2015/4/1,電能,新竹縣,570
2015/4/1,電能,苗栗縣,566
2015/4/1,電能,彰化縣,"1,443"
2015/4/1,電能,南投縣,"1,081"
2015/4/1,電能,雲林縣,865
2015/4/1,電能,嘉義縣,481
2015/4/1,電能,屏東縣,"1,347"
2015/4/1,電能,臺東縣,"1,499"
2015/4/1,電能,花蓮縣,237
2015/4/1,電能,澎湖縣,"3,471"
2015/4/1,電能,基隆市,196
2015/4/1,電能,新竹市,848
2015/4/1,電能,嘉義市,697
2015/4/1,電能,金門縣,408
2015/4/1,電能,連江縣,8
2015/5/1,汽油,新北市,"2,179,344"
2015/5/1,汽油,臺北市,"974,767"
2015/5/1,汽油,桃園市,"1,099,086"
2015/5/1,汽油,臺中市,"1,639,126"
2015/5/1,汽油,臺南市,"1,285,353"
2015/5/1,汽油,高雄市,"2,009,248"
2015/5/1,汽油,宜蘭縣,"272,307"
2015/5/1,汽油,新竹縣,"279,164"
2015/5/1,汽油,苗栗縣,"327,603"
2015/5/1,汽油,彰化縣,"820,907"
2015/5/1,汽油,南投縣,"313,270"
2015/5/1,汽油,雲林縣,"433,182"
2015/5/1,汽油,嘉義縣,"330,146"
2015/5/1,汽油,屏東縣,"618,551"
2015/5/1,汽油,臺東縣,"152,515"
2015/5/1,汽油,花蓮縣,"204,580"
2015/5/1,汽油,澎湖縣,"69,278"
2015/5/1,汽油,基隆市,"180,611"
2015/5/1,汽油,新竹市,"256,753"
2015/5/1,汽油,嘉義市,"181,357"
2015/5/1,汽油,金門縣,"52,162"
2015/5/1,汽油,連江縣,"5,657"
2015/5/1,電能,新北市,"6,875"
2015/5/1,電能,臺北市,"4,213"
2015/5/1,電能,桃園市,"5,733"
2015/5/1,電能,臺中市,"3,558"
2015/5/1,電能,臺南市,"2,572"
2015/5/1,電能,高雄市,"6,666"
2015/5/1,電能,宜蘭縣,322
2015/5/1,電能,新竹縣,572
2015/5/1,電能,苗栗縣,564
2015/5/1,電能,彰化縣,"1,457"
2015/5/1,電能,南投縣,"1,082"
2015/5/1,電能,雲林縣,877
2015/5/1,電能,嘉義縣,484
2015/5/1,電能,屏東縣,"1,349"
2015/5/1,電能,臺東縣,"1,502"
2015/5/1,電能,花蓮縣,234
2015/5/1,電能,澎湖縣,"3,469"
2015/5/1,電能,基隆市,191
2015/5/1,電能,新竹市,855
2015/5/1,電能,嘉義市,701
2015/5/1,電能,金門縣,407
2015/5/1,電能,連江縣,108
2015/6/1,汽油,新北市,"2,179,124"
2015/6/1,汽油,臺北市,"974,524"
2015/6/1,汽油,桃園市,"1,093,017"
2015/6/1,汽油,臺中市,"1,640,400"
2015/6/1,汽油,臺南市,"1,285,446"
2015/6/1,汽油,高雄市,"2,008,829"
2015/6/1,汽油,宜蘭縣,"272,167"
2015/6/1,汽油,新竹縣,"276,280"
2015/6/1,汽油,苗栗縣,"322,093"
2015/6/1,汽油,彰化縣,"819,333"
2015/6/1,汽油,南投縣,"313,212"
2015/6/1,汽油,雲林縣,"432,643"
2015/6/1,汽油,嘉義縣,"329,297"
2015/6/1,汽油,屏東縣,"617,715"
2015/6/1,汽油,臺東縣,"152,531"
2015/6/1,汽油,花蓮縣,"203,317"
2015/6/1,汽油,澎湖縣,"69,362"
2015/6/1,汽油,基隆市,"180,693"
2015/6/1,汽油,新竹市,"254,323"
2015/6/1,汽油,嘉義市,"181,372"
2015/6/1,汽油,金門縣,"52,531"
2015/6/1,汽油,連江縣,"5,696"
2015/6/1,電能,新北市,"6,776"
2015/6/1,電能,臺北市,"4,233"
2015/6/1,電能,桃園市,"5,838"
2015/6/1,電能,臺中市,"3,593"
2015/6/1,電能,臺南市,"2,565"
2015/6/1,電能,高雄市,"6,658"
2015/6/1,電能,宜蘭縣,302
2015/6/1,電能,新竹縣,567
2015/6/1,電能,苗栗縣,559
2015/6/1,電能,彰化縣,"1,469"
2015/6/1,電能,南投縣,"1,080"
2015/6/1,電能,雲林縣,891
2015/6/1,電能,嘉義縣,487
2015/6/1,電能,屏東縣,"1,350"
2015/6/1,電能,臺東縣,"1,616"
2015/6/1,電能,花蓮縣,225
2015/6/1,電能,澎湖縣,"3,469"
2015/6/1,電能,基隆市,181
2015/6/1,電能,新竹市,854
2015/6/1,電能,嘉義市,707
2015/6/1,電能,金門縣,407
2015/6/1,電能,連江縣,108
2015/7/1,汽油,新北市,"2,175,006"
2015/7/1,汽油,臺北市,"969,701"
2015/7/1,汽油,桃園市,"1,093,503"
2015/7/1,汽油,臺中市,"1,636,664"
2015/7/1,汽油,臺南市,"1,281,286"
2015/7/1,汽油,高雄市,"2,003,046"
2015/7/1,汽油,宜蘭縣,"271,672"
2015/7/1,汽油,新竹縣,"276,275"
2015/7/1,汽油,苗栗縣,"320,562"
2015/7/1,汽油,彰化縣,"815,803"
2015/7/1,汽油,南投縣,"311,675"
2015/7/1,汽油,雲林縣,"429,004"
2015/7/1,汽油,嘉義縣,"327,468"
2015/7/1,汽油,屏東縣,"615,560"
2015/7/1,汽油,臺東縣,"152,073"
2015/7/1,汽油,花蓮縣,"202,804"
2015/7/1,汽油,澎湖縣,"68,841"
2015/7/1,汽油,基隆市,"180,667"
2015/7/1,汽油,新竹市,"254,064"
2015/7/1,汽油,嘉義市,"180,827"
2015/7/1,汽油,金門縣,"52,798"
2015/7/1,汽油,連江縣,"5,719"
2015/7/1,電能,新北市,"6,775"
2015/7/1,電能,臺北市,"4,319"
2015/7/1,電能,桃園市,"5,975"
2015/7/1,電能,臺中市,"3,662"
2015/7/1,電能,臺南市,"2,572"
2015/7/1,電能,高雄市,"6,697"
2015/7/1,電能,宜蘭縣,304
2015/7/1,電能,新竹縣,572
2015/7/1,電能,苗栗縣,558
2015/7/1,電能,彰化縣,"1,484"
2015/7/1,電能,南投縣,"1,067"
2015/7/1,電能,雲林縣,902
2015/7/1,電能,嘉義縣,492
2015/7/1,電能,屏東縣,"1,360"
2015/7/1,電能,臺東縣,"1,732"
2015/7/1,電能,花蓮縣,228
2015/7/1,電能,澎湖縣,"3,469"
2015/7/1,電能,基隆市,181
2015/7/1,電能,新竹市,856
2015/7/1,電能,嘉義市,714
2015/7/1,電能,金門縣,409
2015/7/1,電能,連江縣,208
2015/8/1,汽油,新北市,"2,176,590"
2015/8/1,汽油,臺北市,"969,291"
2015/8/1,汽油,桃園市,"1,095,895"
2015/8/1,汽油,臺中市,"1,639,087"
2015/8/1,汽油,臺南市,"1,281,515"
2015/8/1,汽油,高雄市,"1,993,919"
2015/8/1,汽油,宜蘭縣,"270,546"
2015/8/1,汽油,新竹縣,"276,873"
2015/8/1,汽油,苗栗縣,"320,679"
2015/8/1,汽油,彰化縣,"815,755"
2015/8/1,汽油,南投縣,"311,501"
2015/8/1,汽油,雲林縣,"428,864"
2015/8/1,汽油,嘉義縣,"327,339"
2015/8/1,汽油,屏東縣,"615,426"
2015/8/1,汽油,臺東縣,"151,963"
2015/8/1,汽油,花蓮縣,"202,379"
2015/8/1,汽油,澎湖縣,"68,837"
2015/8/1,汽油,基隆市,"180,911"
2015/8/1,汽油,新竹市,"254,284"
2015/8/1,汽油,嘉義市,"181,080"
2015/8/1,汽油,金門縣,"53,134"
2015/8/1,汽油,連江縣,"5,740"
2015/8/1,電能,新北市,"7,037"
2015/8/1,電能,臺北市,"4,529"
2015/8/1,電能,桃園市,"6,108"
2015/8/1,電能,臺中市,"3,697"
2015/8/1,電能,臺南市,"2,573"
2015/8/1,電能,高雄市,"6,721"
2015/8/1,電能,宜蘭縣,304
2015/8/1,電能,新竹縣,573
2015/8/1,電能,苗栗縣,560
2015/8/1,電能,彰化縣,"1,495"
2015/8/1,電能,南投縣,"1,072"
2015/8/1,電能,雲林縣,914
2015/8/1,電能,嘉義縣,493
2015/8/1,電能,屏東縣,"1,522"
2015/8/1,電能,臺東縣,"1,749"
2015/8/1,電能,花蓮縣,227
2015/8/1,電能,澎湖縣,"3,462"
2015/8/1,電能,基隆市,184
2015/8/1,電能,新竹市,864
2015/8/1,電能,嘉義市,719
2015/8/1,電能,金門縣,410
2015/8/1,電能,連江縣,208
2015/9/1,汽油,新北市,"2,181,367"
2015/9/1,汽油,臺北市,"970,649"
2015/9/1,汽油,桃園市,"1,099,288"
2015/9/1,汽油,臺中市,"1,643,601"
2015/9/1,汽油,臺南市,"1,283,350"
2015/9/1,汽油,高雄市,"1,995,513"
2015/9/1,汽油,宜蘭縣,"271,107"
2015/9/1,汽油,新竹縣,"277,758"
2015/9/1,汽油,苗栗縣,"321,462"
2015/9/1,汽油,彰化縣,"816,925"
2015/9/1,汽油,南投縣,"312,069"
2015/9/1,汽油,雲林縣,"429,669"
2015/9/1,汽油,嘉義縣,"327,691"
2015/9/1,汽油,屏東縣,"616,186"
2015/9/1,汽油,臺東縣,"152,004"
2015/9/1,汽油,花蓮縣,"202,631"
2015/9/1,汽油,澎湖縣,"68,608"
2015/9/1,汽油,基隆市,"181,345"
2015/9/1,汽油,新竹市,"254,898"
2015/9/1,汽油,嘉義市,"181,370"
2015/9/1,汽油,金門縣,"53,566"
2015/9/1,汽油,連江縣,"5,755"
2015/9/1,電能,新北市,"7,211"
2015/9/1,電能,臺北市,"4,694"
2015/9/1,電能,桃園市,"6,546"
2015/9/1,電能,臺中市,"3,716"
2015/9/1,電能,臺南市,"2,582"
2015/9/1,電能,高雄市,"6,648"
2015/9/1,電能,宜蘭縣,309
2015/9/1,電能,新竹縣,574
2015/9/1,電能,苗栗縣,561
2015/9/1,電能,彰化縣,"1,516"
2015/9/1,電能,南投縣,"1,073"
2015/9/1,電能,雲林縣,932
2015/9/1,電能,嘉義縣,497
2015/9/1,電能,屏東縣,"1,531"
2015/9/1,電能,臺東縣,"1,768"
2015/9/1,電能,花蓮縣,229
2015/9/1,電能,澎湖縣,"3,457"
2015/9/1,電能,基隆市,183
2015/9/1,電能,新竹市,864
2015/9/1,電能,嘉義市,727
2015/9/1,電能,金門縣,410
2015/9/1,電能,連江縣,208
2015/10/1,汽油,新北市,"2,176,594"
2015/10/1,汽油,臺北市,"969,745"
2015/10/1,汽油,桃園市,"1,100,755"
2015/10/1,汽油,臺中市,"1,645,138"
2015/10/1,汽油,臺南市,"1,282,981"
2015/10/1,汽油,高雄市,"1,993,498"
2015/10/1,汽油,宜蘭縣,"271,263"
2015/10/1,汽油,新竹縣,"277,722"
2015/10/1,汽油,苗栗縣,"321,418"
2015/10/1,汽油,彰化縣,"816,524"
2015/10/1,汽油,南投縣,"311,839"
2015/10/1,汽油,雲林縣,"429,226"
2015/10/1,汽油,嘉義縣,"327,288"
2015/10/1,汽油,屏東縣,"615,434"
2015/10/1,汽油,臺東縣,"151,902"
2015/10/1,汽油,花蓮縣,"202,633"
2015/10/1,汽油,澎湖縣,"68,406"
2015/10/1,汽油,基隆市,"181,528"
2015/10/1,汽油,新竹市,"255,061"
2015/10/1,汽油,嘉義市,"181,440"
2015/10/1,汽油,金門縣,"53,813"
2015/10/1,汽油,連江縣,"5,765"
2015/10/1,電能,新北市,"7,495"
2015/10/1,電能,臺北市,"4,987"
2015/10/1,電能,桃園市,"6,820"
2015/10/1,電能,臺中市,"3,776"
2015/10/1,電能,臺南市,"2,626"
2015/10/1,電能,高雄市,"6,773"
2015/10/1,電能,宜蘭縣,313
2015/10/1,電能,新竹縣,579
2015/10/1,電能,苗栗縣,563
2015/10/1,電能,彰化縣,"1,532"
2015/10/1,電能,南投縣,"1,081"
2015/10/1,電能,雲林縣,948
2015/10/1,電能,嘉義縣,503
2015/10/1,電能,屏東縣,"1,522"
2015/10/1,電能,臺東縣,"1,766"
2015/10/1,電能,花蓮縣,294
2015/10/1,電能,澎湖縣,"3,453"
2015/10/1,電能,基隆市,184
2015/10/1,電能,新竹市,862
2015/10/1,電能,嘉義市,735
2015/10/1,電能,金門縣,411
2015/10/1,電能,連江縣,208
2015/11/1,汽油,新北市,"2,174,321"
2015/11/1,汽油,臺北市,"965,630"
2015/11/1,汽油,桃園市,"1,101,929"
2015/11/1,汽油,臺中市,"1,647,276"
2015/11/1,汽油,臺南市,"1,283,756"
2015/11/1,汽油,高雄市,"1,993,559"
2015/11/1,汽油,宜蘭縣,"271,198"
2015/11/1,汽油,新竹縣,"278,156"
2015/11/1,汽油,苗栗縣,"321,647"
2015/11/1,汽油,彰化縣,"815,980"
2015/11/1,汽油,南投縣,"312,218"
2015/11/1,汽油,雲林縣,"429,065"
2015/11/1,汽油,嘉義縣,"327,265"
2015/11/1,汽油,屏東縣,"615,431"
2015/11/1,汽油,臺東縣,"151,812"
2015/11/1,汽油,花蓮縣,"202,331"
2015/11/1,汽油,澎湖縣,"68,331"
2015/11/1,汽油,基隆市,"181,685"
2015/11/1,汽油,新竹市,"255,267"
2015/11/1,汽油,嘉義市,"181,675"
2015/11/1,汽油,金門縣,"54,092"
2015/11/1,汽油,連江縣,"5,714"
2015/11/1,電能,新北市,"7,897"
2015/11/1,電能,臺北市,"5,222"
2015/11/1,電能,桃園市,"6,993"
2015/11/1,電能,臺中市,"3,837"
2015/11/1,電能,臺南市,"2,679"
2015/11/1,電能,高雄市,"6,782"
2015/11/1,電能,宜蘭縣,320
2015/11/1,電能,新竹縣,588
2015/11/1,電能,苗栗縣,566
2015/11/1,電能,彰化縣,"1,561"
2015/11/1,電能,南投縣,"1,089"
2015/11/1,電能,雲林縣,960
2015/11/1,電能,嘉義縣,509
2015/11/1,電能,屏東縣,"1,542"
2015/11/1,電能,臺東縣,"1,862"
2015/11/1,電能,花蓮縣,635
2015/11/1,電能,澎湖縣,"3,442"
2015/11/1,電能,基隆市,189
2015/11/1,電能,新竹市,860
2015/11/1,電能,嘉義市,738
2015/11/1,電能,金門縣,430
2015/11/1,電能,連江縣,208
2015/12/1,汽油,新北市,"2,169,317"
2015/12/1,汽油,臺北市,"957,083"
2015/12/1,汽油,桃園市,"1,101,190"
2015/12/1,汽油,臺中市,"1,647,008"
2015/12/1,汽油,臺南市,"1,281,963"
2015/12/1,汽油,高雄市,"1,990,037"
2015/12/1,汽油,宜蘭縣,"270,577"
2015/12/1,汽油,新竹縣,"278,011"
2015/12/1,汽油,苗栗縣,"321,149"
2015/12/1,汽油,彰化縣,"814,982"
2015/12/1,汽油,南投縣,"311,813"
2015/12/1,汽油,雲林縣,"428,093"
2015/12/1,汽油,嘉義縣,"326,644"
2015/12/1,汽油,屏東縣,"614,681"
2015/12/1,汽油,臺東縣,"151,385"
2015/12/1,汽油,花蓮縣,"200,713"
2015/12/1,汽油,澎湖縣,"68,290"
2015/12/1,汽油,基隆市,"180,812"
2015/12/1,汽油,新竹市,"254,688"
2015/12/1,汽油,嘉義市,"181,290"
2015/12/1,汽油,金門縣,"54,263"
2015/12/1,汽油,連江縣,"5,703"
2015/12/1,電能,新北市,"8,733"
2015/12/1,電能,臺北市,"5,713"
2015/12/1,電能,桃園市,"7,555"
2015/12/1,電能,臺中市,"3,868"
2015/12/1,電能,臺南市,"2,736"
2015/12/1,電能,高雄市,"6,760"
2015/12/1,電能,宜蘭縣,319
2015/12/1,電能,新竹縣,622
2015/12/1,電能,苗栗縣,570
2015/12/1,電能,彰化縣,"1,582"
2015/12/1,電能,南投縣,"1,091"
2015/12/1,電能,雲林縣,980
2015/12/1,電能,嘉義縣,511
2015/12/1,電能,屏東縣,"1,801"
2015/12/1,電能,臺東縣,"1,859"
2015/12/1,電能,花蓮縣,955
2015/12/1,電能,澎湖縣,"3,495"
2015/12/1,電能,基隆市,194
2015/12/1,電能,新竹市,922
2015/12/1,電能,嘉義市,749
2015/12/1,電能,金門縣,787
2015/12/1,電能,連江縣,208
2016/1/1,汽油,新北市,"2,167,824"
2016/1/1,汽油,臺北市,"954,212"
2016/1/1,汽油,桃園市,"1,101,182"
2016/1/1,汽油,臺中市,"1,647,725"
2016/1/1,汽油,臺南市,"1,281,805"
2016/1/1,汽油,高雄市,"1,990,044"
2016/1/1,汽油,宜蘭縣,"270,382"
2016/1/1,汽油,新竹縣,"277,984"
2016/1/1,汽油,苗栗縣,"320,222"
2016/1/1,汽油,彰化縣,"814,823"
2016/1/1,汽油,南投縣,"311,472"
2016/1/1,汽油,雲林縣,"428,024"
2016/1/1,汽油,嘉義縣,"326,476"
2016/1/1,汽油,屏東縣,"614,748"
2016/1/1,汽油,臺東縣,"151,290"
2016/1/1,汽油,花蓮縣,"200,303"
2016/1/1,汽油,澎湖縣,"68,316"
2016/1/1,汽油,基隆市,"180,393"
2016/1/1,汽油,新竹市,"254,661"
2016/1/1,汽油,嘉義市,"181,171"
2016/1/1,汽油,金門縣,"54,457"
2016/1/1,汽油,連江縣,"5,711"
2016/1/1,電能,新北市,"9,113"
2016/1/1,電能,臺北市,"5,807"
2016/1/1,電能,桃園市,"7,813"
2016/1/1,電能,臺中市,"3,883"
2016/1/1,電能,臺南市,"2,745"
2016/1/1,電能,高雄市,"6,993"
2016/1/1,電能,宜蘭縣,320
2016/1/1,電能,新竹縣,636
2016/1/1,電能,苗栗縣,572
2016/1/1,電能,彰化縣,"1,586"
2016/1/1,電能,南投縣,"1,090"
2016/1/1,電能,雲林縣,990
2016/1/1,電能,嘉義縣,512
2016/1/1,電能,屏東縣,"1,683"
2016/1/1,電能,臺東縣,"1,668"
2016/1/1,電能,花蓮縣,959
2016/1/1,電能,澎湖縣,"3,485"
2016/1/1,電能,基隆市,198
2016/1/1,電能,新竹市,949
2016/1/1,電能,嘉義市,751
2016/1/1,電能,金門縣,798
2016/1/1,電能,連江縣,208
2016/2/1,汽油,新北市,"2,168,763"
2016/2/1,汽油,臺北市,"954,329"
2016/2/1,汽油,桃園市,"1,101,961"
2016/2/1,汽油,臺中市,"1,648,644"
2016/2/1,汽油,臺南市,"1,282,244"
2016/2/1,汽油,高雄市,"1,990,268"
2016/2/1,汽油,宜蘭縣,"270,393"
2016/2/1,汽油,新竹縣,"278,255"
2016/2/1,汽油,苗栗縣,"320,136"
2016/2/1,汽油,彰化縣,"814,806"
2016/2/1,汽油,南投縣,"311,493"
2016/2/1,汽油,雲林縣,"426,297"
2016/2/1,汽油,嘉義縣,"326,571"
2016/2/1,汽油,屏東縣,"615,040"
2016/2/1,汽油,臺東縣,"151,286"
2016/2/1,汽油,花蓮縣,"200,085"
2016/2/1,汽油,澎湖縣,"68,387"
2016/2/1,汽油,基隆市,"180,485"
2016/2/1,汽油,新竹市,"254,680"
2016/2/1,汽油,嘉義市,"181,122"
2016/2/1,汽油,金門縣,"54,776"
2016/2/1,汽油,連江縣,"5,706"
2016/2/1,電能,新北市,"9,430"
2016/2/1,電能,臺北市,"5,898"
2016/2/1,電能,桃園市,"8,232"
2016/2/1,電能,臺中市,"3,893"
2016/2/1,電能,臺南市,"2,753"
2016/2/1,電能,高雄市,"6,841"
2016/2/1,電能,宜蘭縣,322
2016/2/1,電能,新竹縣,657
2016/2/1,電能,苗栗縣,573
2016/2/1,電能,彰化縣,"1,592"
2016/2/1,電能,南投縣,"1,091"
2016/2/1,電能,雲林縣,"1,000"
2016/2/1,電能,嘉義縣,513
2016/2/1,電能,屏東縣,"1,679"
2016/2/1,電能,臺東縣,"1,667"
2016/2/1,電能,花蓮縣,986
2016/2/1,電能,澎湖縣,"3,476"
2016/2/1,電能,基隆市,209
2016/2/1,電能,新竹市,967
2016/2/1,電能,嘉義市,751
2016/2/1,電能,金門縣,800
2016/2/1,電能,連江縣,208
2016/3/1,汽油,新北市,"2,168,514"
2016/3/1,汽油,臺北市,"953,734"
2016/3/1,汽油,桃園市,"1,102,327"
2016/3/1,汽油,臺中市,"1,648,007"
2016/3/1,汽油,臺南市,"1,281,534"
2016/3/1,汽油,高雄市,"1,987,937"
2016/3/1,汽油,宜蘭縣,"269,731"
2016/3/1,汽油,新竹縣,"278,549"
2016/3/1,汽油,苗栗縣,"320,027"
2016/3/1,汽油,彰化縣,"813,424"
2016/3/1,汽油,南投縣,"311,069"
2016/3/1,汽油,雲林縣,"425,983"
2016/3/1,汽油,嘉義縣,"325,958"
2016/3/1,汽油,屏東縣,"614,336"
2016/3/1,汽油,臺東縣,"151,509"
2016/3/1,汽油,花蓮縣,"199,580"
2016/3/1,汽油,澎湖縣,"68,811"
2016/3/1,汽油,基隆市,"180,477"
2016/3/1,汽油,新竹市,"254,603"
2016/3/1,汽油,嘉義市,"180,531"
2016/3/1,汽油,金門縣,"55,068"
2016/3/1,汽油,連江縣,"5,727"
2016/3/1,電能,新北市,"9,842"
2016/3/1,電能,臺北市,"6,014"
2016/3/1,電能,桃園市,"8,492"
2016/3/1,電能,臺中市,"3,938"
2016/3/1,電能,臺南市,"2,784"
2016/3/1,電能,高雄市,"6,862"
2016/3/1,電能,宜蘭縣,322
2016/3/1,電能,新竹縣,666
2016/3/1,電能,苗栗縣,580
2016/3/1,電能,彰化縣,"1,598"
2016/3/1,電能,南投縣,"1,120"
2016/3/1,電能,雲林縣,"1,013"
2016/3/1,電能,嘉義縣,515
2016/3/1,電能,屏東縣,"1,678"
2016/3/1,電能,臺東縣,"1,660"
2016/3/1,電能,花蓮縣,"1,002"
2016/3/1,電能,澎湖縣,"3,459"
2016/3/1,電能,基隆市,213
2016/3/1,電能,新竹市,"1,012"
2016/3/1,電能,嘉義市,751
2016/3/1,電能,金門縣,823
2016/3/1,電能,連江縣,308
2016/4/1,汽油,新北市,"2,168,285"
2016/4/1,汽油,臺北市,"952,896"
2016/4/1,汽油,桃園市,"1,101,519"
2016/4/1,汽油,臺中市,"1,647,011"
2016/4/1,汽油,臺南市,"1,280,482"
2016/4/1,汽油,高雄市,"1,985,481"
2016/4/1,汽油,宜蘭縣,"269,585"
2016/4/1,汽油,新竹縣,"277,672"
2016/4/1,汽油,苗栗縣,"319,501"
2016/4/1,汽油,彰化縣,"812,307"
2016/4/1,汽油,南投縣,"310,773"
2016/4/1,汽油,雲林縣,"425,593"
2016/4/1,汽油,嘉義縣,"325,666"
2016/4/1,汽油,屏東縣,"614,147"
2016/4/1,汽油,臺東縣,"151,530"
2016/4/1,汽油,花蓮縣,"199,355"
2016/4/1,汽油,澎湖縣,"69,513"
2016/4/1,汽油,基隆市,"180,528"
2016/4/1,汽油,新竹市,"254,216"
2016/4/1,汽油,嘉義市,"180,213"
2016/4/1,汽油,金門縣,"55,290"
2016/4/1,汽油,連江縣,"5,753"
2016/4/1,電能,新北市,"10,096"
2016/4/1,電能,臺北市,"6,136"
2016/4/1,電能,桃園市,"8,811"
2016/4/1,電能,臺中市,"3,979"
2016/4/1,電能,臺南市,"2,808"
2016/4/1,電能,高雄市,"6,881"
2016/4/1,電能,宜蘭縣,326
2016/4/1,電能,新竹縣,684
2016/4/1,電能,苗栗縣,583
2016/4/1,電能,彰化縣,"1,600"
2016/4/1,電能,南投縣,"1,120"
2016/4/1,電能,雲林縣,"1,031"
2016/4/1,電能,嘉義縣,520
2016/4/1,電能,屏東縣,"1,783"
2016/4/1,電能,臺東縣,"1,657"
2016/4/1,電能,花蓮縣,"1,276"
2016/4/1,電能,澎湖縣,"3,551"
2016/4/1,電能,基隆市,216
2016/4/1,電能,新竹市,"1,025"
2016/4/1,電能,嘉義市,755
2016/4/1,電能,金門縣,828
2016/4/1,電能,連江縣,309
2016/5/1,汽油,新北市,"2,168,900"
2016/5/1,汽油,臺北市,"952,858"
2016/5/1,汽油,桃園市,"1,102,160"
2016/5/1,汽油,臺中市,"1,648,082"
2016/5/1,汽油,臺南市,"1,280,999"
2016/5/1,汽油,高雄市,"1,984,298"
2016/5/1,汽油,宜蘭縣,"269,387"
2016/5/1,汽油,新竹縣,"277,597"
2016/5/1,汽油,苗栗縣,"319,003"
2016/5/1,汽油,彰化縣,"811,870"
2016/5/1,汽油,南投縣,"310,786"
2016/5/1,汽油,雲林縣,"425,620"
2016/5/1,汽油,嘉義縣,"325,615"
2016/5/1,汽油,屏東縣,"614,538"
2016/5/1,汽油,臺東縣,"151,487"
2016/5/1,汽油,花蓮縣,"199,267"
2016/5/1,汽油,澎湖縣,"69,840"
2016/5/1,汽油,基隆市,"180,656"
2016/5/1,汽油,新竹市,"253,783"
2016/5/1,汽油,嘉義市,"179,938"
2016/5/1,汽油,金門縣,"55,560"
2016/5/1,汽油,連江縣,"5,849"
2016/5/1,電能,新北市,"10,399"
2016/5/1,電能,臺北市,"6,311"
2016/5/1,電能,桃園市,"9,152"
2016/5/1,電能,臺中市,"4,085"
2016/5/1,電能,臺南市,"2,822"
2016/5/1,電能,高雄市,"6,889"
2016/5/1,電能,宜蘭縣,336
2016/5/1,電能,新竹縣,694
2016/5/1,電能,苗栗縣,588
2016/5/1,電能,彰化縣,"1,601"
2016/5/1,電能,南投縣,"1,128"
2016/5/1,電能,雲林縣,"1,047"
2016/5/1,電能,嘉義縣,521
2016/5/1,電能,屏東縣,"1,791"
2016/5/1,電能,臺東縣,"1,671"
2016/5/1,電能,花蓮縣,"1,348"
2016/5/1,電能,澎湖縣,"3,548"
2016/5/1,電能,基隆市,224
2016/5/1,電能,新竹市,"1,037"
2016/5/1,電能,嘉義市,759
2016/5/1,電能,金門縣,"1,133"
2016/5/1,電能,連江縣,309
2016/6/1,汽油,新北市,"2,169,607"
2016/6/1,汽油,臺北市,"951,947"
2016/6/1,汽油,桃園市,"1,104,065"
2016/6/1,汽油,臺中市,"1,650,202"
2016/6/1,汽油,臺南市,"1,282,053"
2016/6/1,汽油,高雄市,"1,984,739"
2016/6/1,汽油,宜蘭縣,"269,548"
2016/6/1,汽油,新竹縣,"278,157"
2016/6/1,汽油,苗栗縣,"319,269"
2016/6/1,汽油,彰化縣,"812,453"
2016/6/1,汽油,南投縣,"311,143"
2016/6/1,汽油,雲林縣,"425,850"
2016/6/1,汽油,嘉義縣,"325,864"
2016/6/1,汽油,屏東縣,"614,934"
2016/6/1,汽油,臺東縣,"151,706"
2016/6/1,汽油,花蓮縣,"199,330"
2016/6/1,汽油,澎湖縣,"70,081"
2016/6/1,汽油,基隆市,"180,799"
2016/6/1,汽油,新竹市,"254,167"
2016/6/1,汽油,嘉義市,"179,826"
2016/6/1,汽油,金門縣,"55,778"
2016/6/1,汽油,連江縣,"5,919"
2016/6/1,電能,新北市,"10,782"
2016/6/1,電能,臺北市,"6,429"
2016/6/1,電能,桃園市,"9,444"
2016/6/1,電能,臺中市,"4,484"
2016/6/1,電能,臺南市,"2,841"
2016/6/1,電能,高雄市,"6,933"
2016/6/1,電能,宜蘭縣,346
2016/6/1,電能,新竹縣,705
2016/6/1,電能,苗栗縣,590
2016/6/1,電能,彰化縣,"1,611"
2016/6/1,電能,南投縣,"1,129"
2016/6/1,電能,雲林縣,"1,086"
2016/6/1,電能,嘉義縣,523
2016/6/1,電能,屏東縣,"1,804"
2016/6/1,電能,臺東縣,"1,711"
2016/6/1,電能,花蓮縣,"1,393"
2016/6/1,電能,澎湖縣,"3,538"
2016/6/1,電能,基隆市,233
2016/6/1,電能,新竹市,"1,059"
2016/6/1,電能,嘉義市,764
2016/6/1,電能,金門縣,"1,149"
2016/6/1,電能,連江縣,309
2016/7/1,汽油,新北市,"2,167,416"
2016/7/1,汽油,臺北市,"949,867"
2016/7/1,汽油,桃園市,"1,105,364"
2016/7/1,汽油,臺中市,"1,650,577"
2016/7/1,汽油,臺南市,"1,280,534"
2016/7/1,汽油,高雄市,"1,983,203"
2016/7/1,汽油,宜蘭縣,"269,475"
2016/7/1,汽油,新竹縣,"278,584"
2016/7/1,汽油,苗栗縣,"319,029"
2016/7/1,汽油,彰化縣,"811,762"
2016/7/1,汽油,南投縣,"310,872"
2016/7/1,汽油,雲林縣,"425,100"
2016/7/1,汽油,嘉義縣,"325,233"
2016/7/1,汽油,屏東縣,"614,388"
2016/7/1,汽油,臺東縣,"151,566"
2016/7/1,汽油,花蓮縣,"199,101"
2016/7/1,汽油,澎湖縣,"70,086"
2016/7/1,汽油,基隆市,"180,708"
2016/7/1,汽油,新竹市,"254,246"
2016/7/1,汽油,嘉義市,"179,579"
2016/7/1,汽油,金門縣,"56,048"
2016/7/1,汽油,連江縣,"5,946"
2016/7/1,電能,新北市,"11,160"
2016/7/1,電能,臺北市,"6,568"
2016/7/1,電能,桃園市,"9,819"
2016/7/1,電能,臺中市,"4,773"
2016/7/1,電能,臺南市,"2,860"
2016/7/1,電能,高雄市,"6,945"
2016/7/1,電能,宜蘭縣,353
2016/7/1,電能,新竹縣,732
2016/7/1,電能,苗栗縣,593
2016/7/1,電能,彰化縣,"1,622"
2016/7/1,電能,南投縣,"1,139"
2016/7/1,電能,雲林縣,"1,113"
2016/7/1,電能,嘉義縣,525
2016/7/1,電能,屏東縣,"1,819"
2016/7/1,電能,臺東縣,"1,757"
2016/7/1,電能,花蓮縣,"1,787"
2016/7/1,電能,澎湖縣,"3,528"
2016/7/1,電能,基隆市,248
2016/7/1,電能,新竹市,"1,083"
2016/7/1,電能,嘉義市,767
2016/7/1,電能,金門縣,"1,153"
2016/7/1,電能,連江縣,309
2016/8/1,汽油,新北市,"2,167,415"
2016/8/1,汽油,臺北市,"947,826"
2016/8/1,汽油,桃園市,"1,107,122"
2016/8/1,汽油,臺中市,"1,651,728"
2016/8/1,汽油,臺南市,"1,280,354"
2016/8/1,汽油,高雄市,"1,983,366"
2016/8/1,汽油,宜蘭縣,"269,550"
2016/8/1,汽油,新竹縣,"278,959"
2016/8/1,汽油,苗栗縣,"319,129"
2016/8/1,汽油,彰化縣,"811,319"
2016/8/1,汽油,南投縣,"310,801"
2016/8/1,汽油,雲林縣,"424,975"
2016/8/1,汽油,嘉義縣,"325,035"
2016/8/1,汽油,屏東縣,"614,391"
2016/8/1,汽油,臺東縣,"151,646"
2016/8/1,汽油,花蓮縣,"199,029"
2016/8/1,汽油,澎湖縣,"70,086"
2016/8/1,汽油,基隆市,"180,801"
2016/8/1,汽油,新竹市,"254,503"
2016/8/1,汽油,嘉義市,"179,478"
2016/8/1,汽油,金門縣,"56,319"
2016/8/1,汽油,連江縣,"5,977"
2016/8/1,電能,新北市,"11,684"
2016/8/1,電能,臺北市,"6,727"
2016/8/1,電能,桃園市,"10,292"
2016/8/1,電能,臺中市,"5,110"
2016/8/1,電能,臺南市,"2,874"
2016/8/1,電能,高雄市,"6,993"
2016/8/1,電能,宜蘭縣,364
2016/8/1,電能,新竹縣,751
2016/8/1,電能,苗栗縣,604
2016/8/1,電能,彰化縣,"1,650"
2016/8/1,電能,南投縣,"1,147"
2016/8/1,電能,雲林縣,"1,155"
2016/8/1,電能,嘉義縣,530
2016/8/1,電能,屏東縣,"1,828"
2016/8/1,電能,臺東縣,"1,722"
2016/8/1,電能,花蓮縣,"2,047"
2016/8/1,電能,澎湖縣,"3,816"
2016/8/1,電能,基隆市,257
2016/8/1,電能,新竹市,"1,104"
2016/8/1,電能,嘉義市,773
2016/8/1,電能,金門縣,"1,154"
2016/8/1,電能,連江縣,309
2016/9/1,汽油,新北市,"2,171,450"
2016/9/1,汽油,臺北市,"948,385"
2016/9/1,汽油,桃園市,"1,111,091"
2016/9/1,汽油,臺中市,"1,656,171"
2016/9/1,汽油,臺南市,"1,282,504"
2016/9/1,汽油,高雄市,"1,984,196"
2016/9/1,汽油,宜蘭縣,"270,041"
2016/9/1,汽油,新竹縣,"280,137"
2016/9/1,汽油,苗栗縣,"319,826"
2016/9/1,汽油,彰化縣,"812,484"
2016/9/1,汽油,南投縣,"311,190"
2016/9/1,汽油,雲林縣,"425,776"
2016/9/1,汽油,嘉義縣,"325,500"
2016/9/1,汽油,屏東縣,"614,894"
2016/9/1,汽油,臺東縣,"151,758"
2016/9/1,汽油,花蓮縣,"199,375"
2016/9/1,汽油,澎湖縣,"70,173"
2016/9/1,汽油,基隆市,"181,251"
2016/9/1,汽油,新竹市,"255,323"
2016/9/1,汽油,嘉義市,"179,717"
2016/9/1,汽油,金門縣,"56,762"
2016/9/1,汽油,連江縣,"6,017"
2016/9/1,電能,新北市,"12,260"
2016/9/1,電能,臺北市,"6,961"
2016/9/1,電能,桃園市,"10,995"
2016/9/1,電能,臺中市,"5,488"
2016/9/1,電能,臺南市,"2,893"
2016/9/1,電能,高雄市,"7,021"
2016/9/1,電能,宜蘭縣,377
2016/9/1,電能,新竹縣,769
2016/9/1,電能,苗栗縣,619
2016/9/1,電能,彰化縣,"1,671"
2016/9/1,電能,南投縣,"1,160"
2016/9/1,電能,雲林縣,"1,217"
2016/9/1,電能,嘉義縣,534
2016/9/1,電能,屏東縣,"1,843"
2016/9/1,電能,臺東縣,"1,750"
2016/9/1,電能,花蓮縣,"2,080"
2016/9/1,電能,澎湖縣,"3,792"
2016/9/1,電能,基隆市,271
2016/9/1,電能,新竹市,"1,135"
2016/9/1,電能,嘉義市,783
2016/9/1,電能,金門縣,"1,158"
2016/9/1,電能,連江縣,309
2016/10/1,汽油,新北市,"2,171,852"
2016/10/1,汽油,臺北市,"947,621"
2016/10/1,汽油,桃園市,"1,112,702"
2016/10/1,汽油,臺中市,"1,657,894"
2016/10/1,汽油,臺南市,"1,282,375"
2016/10/1,汽油,高雄市,"1,983,632"
2016/10/1,汽油,宜蘭縣,"270,046"
2016/10/1,汽油,新竹縣,"280,577"
2016/10/1,汽油,苗栗縣,"319,913"
2016/10/1,汽油,彰化縣,"812,441"
2016/10/1,汽油,南投縣,"311,135"
2016/10/1,汽油,雲林縣,"425,480"
2016/10/1,汽油,嘉義縣,"325,235"
2016/10/1,汽油,屏東縣,"614,088"
2016/10/1,汽油,臺東縣,"151,509"
2016/10/1,汽油,花蓮縣,"199,147"
2016/10/1,汽油,澎湖縣,"70,198"
2016/10/1,汽油,基隆市,"181,244"
2016/10/1,汽油,新竹市,"255,625"
2016/10/1,汽油,嘉義市,"179,777"
2016/10/1,汽油,金門縣,"56,616"
2016/10/1,汽油,連江縣,"6,020"
2016/10/1,電能,新北市,"12,691"
2016/10/1,電能,臺北市,"7,491"
2016/10/1,電能,桃園市,"11,281"
2016/10/1,電能,臺中市,"5,794"
2016/10/1,電能,臺南市,"2,934"
2016/10/1,電能,高雄市,"7,065"
2016/10/1,電能,宜蘭縣,386
2016/10/1,電能,新竹縣,781
2016/10/1,電能,苗栗縣,628
2016/10/1,電能,彰化縣,"1,705"
2016/10/1,電能,南投縣,"1,165"
2016/10/1,電能,雲林縣,"1,276"
2016/10/1,電能,嘉義縣,546
2016/10/1,電能,屏東縣,"1,865"
2016/10/1,電能,臺東縣,"1,749"
2016/10/1,電能,花蓮縣,"2,279"
2016/10/1,電能,澎湖縣,"3,766"
2016/10/1,電能,基隆市,276
2016/10/1,電能,新竹市,"1,159"
2016/10/1,電能,嘉義市,787
2016/10/1,電能,金門縣,"1,156"
2016/10/1,電能,連江縣,309
2016/11/1,汽油,新北市,"2,170,391"
2016/11/1,汽油,臺北市,"946,303"
2016/11/1,汽油,桃園市,"1,113,924"
2016/11/1,汽油,臺中市,"1,659,243"
2016/11/1,汽油,臺南市,"1,281,443"
2016/11/1,汽油,高雄市,"1,983,000"
2016/11/1,汽油,宜蘭縣,"269,634"
2016/11/1,汽油,新竹縣,"280,811"
2016/11/1,汽油,苗栗縣,"319,790"
2016/11/1,汽油,彰化縣,"812,171"
2016/11/1,汽油,南投縣,"310,976"
2016/11/1,汽油,雲林縣,"425,205"
2016/11/1,汽油,嘉義縣,"324,970"
2016/11/1,汽油,屏東縣,"613,595"
2016/11/1,汽油,臺東縣,"151,315"
2016/11/1,汽油,花蓮縣,"198,825"
2016/11/1,汽油,澎湖縣,"70,078"
2016/11/1,汽油,基隆市,"181,434"
2016/11/1,汽油,新竹市,"255,809"
2016/11/1,汽油,嘉義市,"179,345"
2016/11/1,汽油,金門縣,"56,862"
2016/11/1,汽油,連江縣,"6,023"
2016/11/1,電能,新北市,"13,042"
2016/11/1,電能,臺北市,"7,725"
2016/11/1,電能,桃園市,"11,592"
2016/11/1,電能,臺中市,"6,064"
2016/11/1,電能,臺南市,"3,116"
2016/11/1,電能,高雄市,"7,146"
2016/11/1,電能,宜蘭縣,415
2016/11/1,電能,新竹縣,825
2016/11/1,電能,苗栗縣,640
2016/11/1,電能,彰化縣,"1,768"
2016/11/1,電能,南投縣,"1,190"
2016/11/1,電能,雲林縣,"1,361"
2016/11/1,電能,嘉義縣,548
2016/11/1,電能,屏東縣,"2,020"
2016/11/1,電能,臺東縣,"1,878"
2016/11/1,電能,花蓮縣,"2,334"
2016/11/1,電能,澎湖縣,"3,758"
2016/11/1,電能,基隆市,287
2016/11/1,電能,新竹市,"1,198"
2016/11/1,電能,嘉義市,805
2016/11/1,電能,金門縣,"1,160"
2016/11/1,電能,連江縣,309
2016/12/1,汽油,新北市,"2,167,044"
2016/12/1,汽油,臺北市,"944,160"
2016/12/1,汽油,桃園市,"1,114,452"
2016/12/1,汽油,臺中市,"1,658,662"
2016/12/1,汽油,臺南市,"1,278,401"
2016/12/1,汽油,高雄市,"1,983,344"
2016/12/1,汽油,宜蘭縣,"269,100"
2016/12/1,汽油,新竹縣,"280,908"
2016/12/1,汽油,苗栗縣,"319,016"
2016/12/1,汽油,彰化縣,"811,062"
2016/12/1,汽油,南投縣,"309,863"
2016/12/1,汽油,雲林縣,"424,398"
2016/12/1,汽油,嘉義縣,"324,308"
2016/12/1,汽油,屏東縣,"612,787"
2016/12/1,汽油,臺東縣,"151,063"
2016/12/1,汽油,花蓮縣,"198,493"
2016/12/1,汽油,澎湖縣,"70,043"
2016/12/1,汽油,基隆市,"181,275"
2016/12/1,汽油,新竹市,"255,760"
2016/12/1,汽油,嘉義市,"179,151"
2016/12/1,汽油,金門縣,"57,056"
2016/12/1,汽油,連江縣,"6,020"
2016/12/1,電能,新北市,"13,278"
2016/12/1,電能,臺北市,"8,019"
2016/12/1,電能,桃園市,"12,119"
2016/12/1,電能,臺中市,"6,452"
2016/12/1,電能,臺南市,"3,452"
2016/12/1,電能,高雄市,"7,459"
2016/12/1,電能,宜蘭縣,432
2016/12/1,電能,新竹縣,858
2016/12/1,電能,苗栗縣,658
2016/12/1,電能,彰化縣,"1,788"
2016/12/1,電能,南投縣,"1,194"
2016/12/1,電能,雲林縣,"1,448"
2016/12/1,電能,嘉義縣,552
2016/12/1,電能,屏東縣,"2,247"
2016/12/1,電能,臺東縣,"1,889"
2016/12/1,電能,花蓮縣,"2,442"
2016/12/1,電能,澎湖縣,"3,717"
2016/12/1,電能,基隆市,298
2016/12/1,電能,新竹市,"1,222"
2016/12/1,電能,嘉義市,822
2016/12/1,電能,金門縣,"1,191"
2016/12/1,電能,連江縣,309
2017/1/1,汽油,新北市,"2,166,320"
2017/1/1,汽油,臺北市,"943,208"
2017/1/1,汽油,桃園市,"1,115,079"
2017/1/1,汽油,臺中市,"1,659,528"
2017/1/1,汽油,臺南市,"1,279,285"
2017/1/1,汽油,高雄市,"1,982,833"
2017/1/1,汽油,宜蘭縣,"269,137"
2017/1/1,汽油,新竹縣,"281,151"
2017/1/1,汽油,苗栗縣,"318,449"
2017/1/1,汽油,彰化縣,"810,945"
2017/1/1,汽油,南投縣,"309,967"
2017/1/1,汽油,雲林縣,"424,315"
2017/1/1,汽油,嘉義縣,"324,142"
2017/1/1,汽油,屏東縣,"612,635"
2017/1/1,汽油,臺東縣,"151,215"
2017/1/1,汽油,花蓮縣,"198,532"
2017/1/1,汽油,澎湖縣,"70,021"
2017/1/1,汽油,基隆市,"181,329"
2017/1/1,汽油,新竹市,"256,020"
2017/1/1,汽油,嘉義市,"179,041"
2017/1/1,汽油,金門縣,"57,273"
2017/1/1,汽油,連江縣,"6,041"
2017/1/1,電能,新北市,"13,589"
2017/1/1,電能,臺北市,"8,102"
2017/1/1,電能,桃園市,"12,218"
2017/1/1,電能,臺中市,"6,673"
2017/1/1,電能,臺南市,"3,558"
2017/1/1,電能,高雄市,"7,496"
2017/1/1,電能,宜蘭縣,434
2017/1/1,電能,新竹縣,882
2017/1/1,電能,苗栗縣,662
2017/1/1,電能,彰化縣,"1,805"
2017/1/1,電能,南投縣,"1,197"
2017/1/1,電能,雲林縣,"1,456"
2017/1/1,電能,嘉義縣,550
2017/1/1,電能,屏東縣,"2,258"
2017/1/1,電能,臺東縣,"1,855"
2017/1/1,電能,花蓮縣,"2,442"
2017/1/1,電能,澎湖縣,"3,680"
2017/1/1,電能,基隆市,307
2017/1/1,電能,新竹市,"1,240"
2017/1/1,電能,嘉義市,820
2017/1/1,電能,金門縣,"1,102"
2017/1/1,電能,連江縣,309
2017/2/1,汽油,新北市,"2,167,437"
2017/2/1,汽油,臺北市,"943,053"
2017/2/1,汽油,桃園市,"1,116,259"
2017/2/1,汽油,臺中市,"1,660,773"
2017/2/1,汽油,臺南市,"1,280,028"
2017/2/1,汽油,高雄市,"1,983,642"
2017/2/1,汽油,宜蘭縣,"269,010"
2017/2/1,汽油,新竹縣,"281,551"
2017/2/1,汽油,苗栗縣,"318,510"
2017/2/1,汽油,彰化縣,"810,629"
2017/2/1,汽油,南投縣,"310,043"
2017/2/1,汽油,雲林縣,"424,356"
2017/2/1,汽油,嘉義縣,"323,984"
2017/2/1,汽油,屏東縣,"612,804"
2017/2/1,汽油,臺東縣,"151,289"
2017/2/1,汽油,花蓮縣,"198,368"
2017/2/1,汽油,澎湖縣,"70,091"
2017/2/1,汽油,基隆市,"181,410"
2017/2/1,汽油,新竹市,"256,131"
2017/2/1,汽油,嘉義市,"178,569"
2017/2/1,汽油,金門縣,"57,522"
2017/2/1,汽油,連江縣,"6,049"
2017/2/1,電能,新北市,"13,948"
2017/2/1,電能,臺北市,"8,246"
2017/2/1,電能,桃園市,"12,258"
2017/2/1,電能,臺中市,"6,905"
2017/2/1,電能,臺南市,"3,716"
2017/2/1,電能,高雄市,"7,664"
2017/2/1,電能,宜蘭縣,447
2017/2/1,電能,新竹縣,894
2017/2/1,電能,苗栗縣,671
2017/2/1,電能,彰化縣,"1,830"
2017/2/1,電能,南投縣,"1,211"
2017/2/1,電能,雲林縣,"1,503"
2017/2/1,電能,嘉義縣,558
2017/2/1,電能,屏東縣,"2,283"
2017/2/1,電能,臺東縣,"1,855"
2017/2/1,電能,花蓮縣,"2,455"
2017/2/1,電能,澎湖縣,"3,646"
2017/2/1,電能,基隆市,326
2017/2/1,電能,新竹市,"1,264"
2017/2/1,電能,嘉義市,839
2017/2/1,電能,金門縣,"1,121"
2017/2/1,電能,連江縣,309
2017/3/1,汽油,新北市,"2,168,190"
2017/3/1,汽油,臺北市,"943,203"
2017/3/1,汽油,桃園市,"1,117,074"
2017/3/1,汽油,臺中市,"1,663,032"
2017/3/1,汽油,臺南市,"1,282,233"
2017/3/1,汽油,高雄市,"1,985,564"
2017/3/1,汽油,宜蘭縣,"269,168"
2017/3/1,汽油,新竹縣,"281,818"
2017/3/1,汽油,苗栗縣,"318,698"
2017/3/1,汽油,彰化縣,"810,626"
2017/3/1,汽油,南投縣,"310,086"
2017/3/1,汽油,雲林縣,"424,258"
2017/3/1,汽油,嘉義縣,"323,801"
2017/3/1,汽油,屏東縣,"613,718"
2017/3/1,汽油,臺東縣,"151,516"
2017/3/1,汽油,花蓮縣,"198,384"
2017/3/1,汽油,澎湖縣,"70,844"
2017/3/1,汽油,基隆市,"181,552"
2017/3/1,汽油,新竹市,"256,469"
2017/3/1,汽油,嘉義市,"178,348"
2017/3/1,汽油,金門縣,"57,749"
2017/3/1,汽油,連江縣,"6,079"
2017/3/1,電能,新北市,"14,331"
2017/3/1,電能,臺北市,"8,371"
2017/3/1,電能,桃園市,"12,438"
2017/3/1,電能,臺中市,"7,178"
2017/3/1,電能,臺南市,"3,890"
2017/3/1,電能,高雄市,"7,897"
2017/3/1,電能,宜蘭縣,455
2017/3/1,電能,新竹縣,910
2017/3/1,電能,苗栗縣,689
2017/3/1,電能,彰化縣,"1,852"
2017/3/1,電能,南投縣,"1,225"
2017/3/1,電能,雲林縣,"1,554"
2017/3/1,電能,嘉義縣,568
2017/3/1,電能,屏東縣,"2,331"
2017/3/1,電能,臺東縣,"1,886"
2017/3/1,電能,花蓮縣,"2,487"
2017/3/1,電能,澎湖縣,"3,618"
2017/3/1,電能,基隆市,341
2017/3/1,電能,新竹市,"1,284"
2017/3/1,電能,嘉義市,870
2017/3/1,電能,金門縣,"1,124"
2017/3/1,電能,連江縣,309
2017/4/1,汽油,新北市,"2,167,537"
2017/4/1,汽油,臺北市,"943,187"
2017/4/1,汽油,桃園市,"1,117,957"
2017/4/1,汽油,臺中市,"1,663,986"
2017/4/1,汽油,臺南市,"1,281,801"
2017/4/1,汽油,高雄市,"1,985,931"
2017/4/1,汽油,宜蘭縣,"269,243"
2017/4/1,汽油,新竹縣,"281,956"
2017/4/1,汽油,苗栗縣,"318,664"
2017/4/1,汽油,彰化縣,"810,154"
2017/4/1,汽油,南投縣,"309,877"
2017/4/1,汽油,雲林縣,"424,117"
2017/4/1,汽油,嘉義縣,"323,478"
2017/4/1,汽油,屏東縣,"613,567"
2017/4/1,汽油,臺東縣,"151,510"
2017/4/1,汽油,花蓮縣,"198,245"
2017/4/1,汽油,澎湖縣,"71,946"
2017/4/1,汽油,基隆市,"181,733"
2017/4/1,汽油,新竹市,"256,583"
2017/4/1,汽油,嘉義市,"178,244"
2017/4/1,汽油,金門縣,"57,952"
2017/4/1,汽油,連江縣,"6,119"
2017/4/1,電能,新北市,"14,522"
2017/4/1,電能,臺北市,"8,443"
2017/4/1,電能,桃園市,"12,499"
2017/4/1,電能,臺中市,"7,343"
2017/4/1,電能,臺南市,"3,982"
2017/4/1,電能,高雄市,"8,148"
2017/4/1,電能,宜蘭縣,471
2017/4/1,電能,新竹縣,937
2017/4/1,電能,苗栗縣,696
2017/4/1,電能,彰化縣,"1,880"
2017/4/1,電能,南投縣,"1,232"
2017/4/1,電能,雲林縣,"1,589"
2017/4/1,電能,嘉義縣,580
2017/4/1,電能,屏東縣,"2,576"
2017/4/1,電能,臺東縣,"1,919"
2017/4/1,電能,花蓮縣,"2,518"
2017/4/1,電能,澎湖縣,"3,536"
2017/4/1,電能,基隆市,353
2017/4/1,電能,新竹市,"1,302"
2017/4/1,電能,嘉義市,882
2017/4/1,電能,金門縣,"1,177"
2017/4/1,電能,連江縣,309
2017/5/1,汽油,新北市,"2,169,171"
2017/5/1,汽油,臺北市,"943,722"
2017/5/1,汽油,桃園市,"1,120,411"
2017/5/1,汽油,臺中市,"1,666,539"
2017/5/1,汽油,臺南市,"1,282,655"
2017/5/1,汽油,高雄市,"1,987,345"
2017/5/1,汽油,宜蘭縣,"269,306"
2017/5/1,汽油,新竹縣,"282,426"
2017/5/1,汽油,苗栗縣,"318,774"
2017/5/1,汽油,彰化縣,"810,582"
2017/5/1,汽油,南投縣,"309,981"
2017/5/1,汽油,雲林縣,"424,254"
2017/5/1,汽油,嘉義縣,"323,469"
2017/5/1,汽油,屏東縣,"614,302"
2017/5/1,汽油,臺東縣,"151,581"
2017/5/1,汽油,花蓮縣,"198,505"
2017/5/1,汽油,澎湖縣,"72,395"
2017/5/1,汽油,基隆市,"181,968"
2017/5/1,汽油,新竹市,"256,943"
2017/5/1,汽油,嘉義市,"178,191"
2017/5/1,汽油,金門縣,"58,202"
2017/5/1,汽油,連江縣,"6,211"
2017/5/1,電能,新北市,"14,712"
2017/5/1,電能,臺北市,"8,587"
2017/5/1,電能,桃園市,"12,630"
2017/5/1,電能,臺中市,"7,513"
2017/5/1,電能,臺南市,"4,043"
2017/5/1,電能,高雄市,"8,309"
2017/5/1,電能,宜蘭縣,481
2017/5/1,電能,新竹縣,948
2017/5/1,電能,苗栗縣,708
2017/5/1,電能,彰化縣,"1,906"
2017/5/1,電能,南投縣,"1,235"
2017/5/1,電能,雲林縣,"1,637"
2017/5/1,電能,嘉義縣,585
2017/5/1,電能,屏東縣,"2,663"
2017/5/1,電能,臺東縣,"1,910"
2017/5/1,電能,花蓮縣,"2,610"
2017/5/1,電能,澎湖縣,"3,515"
2017/5/1,電能,基隆市,367
2017/5/1,電能,新竹市,"1,318"
2017/5/1,電能,嘉義市,905
2017/5/1,電能,金門縣,"1,210"
2017/5/1,電能,連江縣,309
2017/6/1,汽油,新北市,"2,168,624"
2017/6/1,汽油,臺北市,"943,583"
2017/6/1,汽油,桃園市,"1,122,583"
2017/6/1,汽油,臺中市,"1,668,603"
2017/6/1,汽油,臺南市,"1,283,285"
2017/6/1,汽油,高雄市,"1,988,144"
2017/6/1,汽油,宜蘭縣,"269,233"
2017/6/1,汽油,新竹縣,"282,939"
2017/6/1,汽油,苗栗縣,"318,667"
2017/6/1,汽油,彰化縣,"811,051"
2017/6/1,汽油,南投縣,"309,974"
2017/6/1,汽油,雲林縣,"424,310"
2017/6/1,汽油,嘉義縣,"323,431"
2017/6/1,汽油,屏東縣,"614,164"
2017/6/1,汽油,臺東縣,"151,552"
2017/6/1,汽油,花蓮縣,"198,549"
2017/6/1,汽油,澎湖縣,"72,597"
2017/6/1,汽油,基隆市,"181,877"
2017/6/1,汽油,新竹市,"256,669"
2017/6/1,汽油,嘉義市,"178,049"
2017/6/1,汽油,金門縣,"58,406"
2017/6/1,汽油,連江縣,"6,240"
2017/6/1,電能,新北市,"14,836"
2017/6/1,電能,臺北市,"8,681"
2017/6/1,電能,桃園市,"12,953"
2017/6/1,電能,臺中市,"7,680"
2017/6/1,電能,臺南市,"4,145"
2017/6/1,電能,高雄市,"8,508"
2017/6/1,電能,宜蘭縣,486
2017/6/1,電能,新竹縣,967
2017/6/1,電能,苗栗縣,714
2017/6/1,電能,彰化縣,"1,943"
2017/6/1,電能,南投縣,"1,248"
2017/6/1,電能,雲林縣,"1,678"
2017/6/1,電能,嘉義縣,592
2017/6/1,電能,屏東縣,"2,746"
2017/6/1,電能,臺東縣,"1,919"
2017/6/1,電能,花蓮縣,"2,669"
2017/6/1,電能,澎湖縣,"3,485"
2017/6/1,電能,基隆市,377
2017/6/1,電能,新竹市,"1,332"
2017/6/1,電能,嘉義市,926
2017/6/1,電能,金門縣,"1,237"
2017/6/1,電能,連江縣,310
2017/7/1,汽油,新北市,"2,167,734"
2017/7/1,汽油,臺北市,"938,928"
2017/7/1,汽油,桃園市,"1,124,133"
2017/7/1,汽油,臺中市,"1,669,699"
2017/7/1,汽油,臺南市,"1,282,821"
2017/7/1,汽油,高雄市,"1,987,614"
2017/7/1,汽油,宜蘭縣,"269,242"
2017/7/1,汽油,新竹縣,"283,276"
2017/7/1,汽油,苗栗縣,"318,309"
2017/7/1,汽油,彰化縣,"810,841"
2017/7/1,汽油,南投縣,"310,010"
2017/7/1,汽油,雲林縣,"423,818"
2017/7/1,汽油,嘉義縣,"323,096"
2017/7/1,汽油,屏東縣,"613,925"
2017/7/1,汽油,臺東縣,"151,423"
2017/7/1,汽油,花蓮縣,"198,561"
2017/7/1,汽油,澎湖縣,"72,676"
2017/7/1,汽油,基隆市,"181,900"
2017/7/1,汽油,新竹市,"256,724"
2017/7/1,汽油,嘉義市,"177,713"
2017/7/1,汽油,金門縣,"58,660"
2017/7/1,汽油,連江縣,"6,270"
2017/7/1,電能,新北市,"15,910"
2017/7/1,電能,臺北市,"9,041"
2017/7/1,電能,桃園市,"14,128"
2017/7/1,電能,臺中市,"8,186"
2017/7/1,電能,臺南市,"4,381"
2017/7/1,電能,高雄市,"9,023"
2017/7/1,電能,宜蘭縣,502
2017/7/1,電能,新竹縣,992
2017/7/1,電能,苗栗縣,738
2017/7/1,電能,彰化縣,"1,996"
2017/7/1,電能,南投縣,"1,260"
2017/7/1,電能,雲林縣,"1,807"
2017/7/1,電能,嘉義縣,596
2017/7/1,電能,屏東縣,"2,846"
2017/7/1,電能,臺東縣,"1,869"
2017/7/1,電能,花蓮縣,"2,707"
2017/7/1,電能,澎湖縣,"3,411"
2017/7/1,電能,基隆市,388
2017/7/1,電能,新竹市,"1,387"
2017/7/1,電能,嘉義市,964
2017/7/1,電能,金門縣,"1,260"
2017/7/1,電能,連江縣,310
2017/8/1,汽油,新北市,"2,169,442"
2017/8/1,汽油,臺北市,"939,529"
2017/8/1,汽油,桃園市,"1,126,399"
2017/8/1,汽油,臺中市,"1,672,818"
2017/8/1,汽油,臺南市,"1,284,226"
2017/8/1,汽油,高雄市,"1,989,629"
2017/8/1,汽油,宜蘭縣,"269,420"
2017/8/1,汽油,新竹縣,"283,942"
2017/8/1,汽油,苗栗縣,"318,617"
2017/8/1,汽油,彰化縣,"811,449"
2017/8/1,汽油,南投縣,"310,239"
2017/8/1,汽油,雲林縣,"423,785"
2017/8/1,汽油,嘉義縣,"323,145"
2017/8/1,汽油,屏東縣,"613,598"
2017/8/1,汽油,臺東縣,"150,692"
2017/8/1,汽油,花蓮縣,"198,670"
2017/8/1,汽油,澎湖縣,"72,679"
2017/8/1,汽油,基隆市,"182,121"
2017/8/1,汽油,新竹市,"257,278"
2017/8/1,汽油,嘉義市,"177,565"
2017/8/1,汽油,金門縣,"58,969"
2017/8/1,汽油,連江縣,"6,300"
2017/8/1,電能,新北市,"16,255"
2017/8/1,電能,臺北市,"9,618"
2017/8/1,電能,桃園市,"15,830"
2017/8/1,電能,臺中市,"8,822"
2017/8/1,電能,臺南市,"4,985"
2017/8/1,電能,高雄市,"9,868"
2017/8/1,電能,宜蘭縣,527
2017/8/1,電能,新竹縣,"1,041"
2017/8/1,電能,苗栗縣,855
2017/8/1,電能,彰化縣,"2,050"
2017/8/1,電能,南投縣,"1,275"
2017/8/1,電能,雲林縣,"1,988"
2017/8/1,電能,嘉義縣,618
2017/8/1,電能,屏東縣,"2,968"
2017/8/1,電能,臺東縣,"1,829"
2017/8/1,電能,花蓮縣,"2,720"
2017/8/1,電能,澎湖縣,"3,372"
2017/8/1,電能,基隆市,415
2017/8/1,電能,新竹市,"1,438"
2017/8/1,電能,嘉義市,"1,045"
2017/8/1,電能,金門縣,"1,272"
2017/8/1,電能,連江縣,310
2017/9/1,汽油,新北市,"2,172,709"
2017/9/1,汽油,臺北市,"940,945"
2017/9/1,汽油,桃園市,"1,129,468"
2017/9/1,汽油,臺中市,"1,675,901"
2017/9/1,汽油,臺南市,"1,285,171"
2017/9/1,汽油,高雄市,"1,990,693"
2017/9/1,汽油,宜蘭縣,"269,739"
2017/9/1,汽油,新竹縣,"284,750"
2017/9/1,汽油,苗栗縣,"319,032"
2017/9/1,汽油,彰化縣,"812,419"
2017/9/1,汽油,南投縣,"310,650"
2017/9/1,汽油,雲林縣,"424,132"
2017/9/1,汽油,嘉義縣,"323,098"
2017/9/1,汽油,屏東縣,"614,103"
2017/9/1,汽油,臺東縣,"150,305"
2017/9/1,汽油,花蓮縣,"198,927"
2017/9/1,汽油,澎湖縣,"72,752"
2017/9/1,汽油,基隆市,"182,588"
2017/9/1,汽油,新竹市,"257,827"
2017/9/1,汽油,嘉義市,"177,558"
2017/9/1,汽油,金門縣,"59,337"
2017/9/1,汽油,連江縣,"6,332"
2017/9/1,電能,新北市,"16,709"
2017/9/1,電能,臺北市,"10,325"
2017/9/1,電能,桃園市,"17,505"
2017/9/1,電能,臺中市,"9,624"
2017/9/1,電能,臺南市,"5,458"
2017/9/1,電能,高雄市,"10,630"
2017/9/1,電能,宜蘭縣,544
2017/9/1,電能,新竹縣,"1,085"
2017/9/1,電能,苗栗縣,877
2017/9/1,電能,彰化縣,"2,125"
2017/9/1,電能,南投縣,"1,296"
2017/9/1,電能,雲林縣,"2,168"
2017/9/1,電能,嘉義縣,636
2017/9/1,電能,屏東縣,"3,119"
2017/9/1,電能,臺東縣,"1,836"
2017/9/1,電能,花蓮縣,"2,732"
2017/9/1,電能,澎湖縣,"3,353"
2017/9/1,電能,基隆市,445
2017/9/1,電能,新竹市,"1,516"
2017/9/1,電能,嘉義市,"1,164"
2017/9/1,電能,金門縣,"1,304"
2017/9/1,電能,連江縣,310
2017/10/1,汽油,新北市,"2,173,526"
2017/10/1,汽油,臺北市,"941,142"
2017/10/1,汽油,桃園市,"1,131,523"
2017/10/1,汽油,臺中市,"1,676,984"
2017/10/1,汽油,臺南市,"1,285,419"
2017/10/1,汽油,高雄市,"1,990,415"
2017/10/1,汽油,宜蘭縣,"269,801"
2017/10/1,汽油,新竹縣,"285,264"
2017/10/1,汽油,苗栗縣,"319,178"
2017/10/1,汽油,彰化縣,"812,310"
2017/10/1,汽油,南投縣,"310,750"
2017/10/1,汽油,雲林縣,"424,034"
2017/10/1,汽油,嘉義縣,"323,051"
2017/10/1,汽油,屏東縣,"614,245"
2017/10/1,汽油,臺東縣,"150,417"
2017/10/1,汽油,花蓮縣,"198,935"
2017/10/1,汽油,澎湖縣,"72,751"
2017/10/1,汽油,基隆市,"182,771"
2017/10/1,汽油,新竹市,"258,184"
2017/10/1,汽油,嘉義市,"177,231"
2017/10/1,汽油,金門縣,"59,642"
2017/10/1,汽油,連江縣,"6,332"
2017/10/1,電能,新北市,"17,086"
2017/10/1,電能,臺北市,"11,013"
2017/10/1,電能,桃園市,"19,180"
2017/10/1,電能,臺中市,"10,359"
2017/10/1,電能,臺南市,"5,882"
2017/10/1,電能,高雄市,"11,462"
2017/10/1,電能,宜蘭縣,572
2017/10/1,電能,新竹縣,"1,156"
2017/10/1,電能,苗栗縣,899
2017/10/1,電能,彰化縣,"2,188"
2017/10/1,電能,南投縣,"1,317"
2017/10/1,電能,雲林縣,"2,353"
2017/10/1,電能,嘉義縣,649
2017/10/1,電能,屏東縣,"3,275"
2017/10/1,電能,臺東縣,"1,850"
2017/10/1,電能,花蓮縣,"2,767"
2017/10/1,電能,澎湖縣,"3,343"
2017/10/1,電能,基隆市,466
2017/10/1,電能,新竹市,"1,581"
2017/10/1,電能,嘉義市,"1,267"
2017/10/1,電能,金門縣,"1,349"
2017/10/1,電能,連江縣,310
2017/11/1,汽油,新北市,"2,173,120"
2017/11/1,汽油,臺北市,"940,992"
2017/11/1,汽油,桃園市,"1,132,650"
2017/11/1,汽油,臺中市,"1,677,471"
2017/11/1,汽油,臺南市,"1,285,042"
2017/11/1,汽油,高雄市,"1,989,175"
2017/11/1,汽油,宜蘭縣,"269,187"
2017/11/1,汽油,新竹縣,"285,564"
2017/11/1,汽油,苗栗縣,"319,082"
2017/11/1,汽油,彰化縣,"812,231"
2017/11/1,汽油,南投縣,"310,697"
2017/11/1,汽油,雲林縣,"423,592"
2017/11/1,汽油,嘉義縣,"322,552"
2017/11/1,汽油,屏東縣,"613,921"
2017/11/1,汽油,臺東縣,"150,534"
2017/11/1,汽油,花蓮縣,"198,891"
2017/11/1,汽油,澎湖縣,"72,753"
2017/11/1,汽油,基隆市,"182,675"
2017/11/1,汽油,新竹市,"258,074"
2017/11/1,汽油,嘉義市,"176,712"
2017/11/1,汽油,金門縣,"59,857"
2017/11/1,汽油,連江縣,"6,327"
2017/11/1,電能,新北市,"17,769"
2017/11/1,電能,臺北市,"11,767"
2017/11/1,電能,桃園市,"21,420"
2017/11/1,電能,臺中市,"11,554"
2017/11/1,電能,臺南市,"6,507"
2017/11/1,電能,高雄市,"12,507"
2017/11/1,電能,宜蘭縣,596
2017/11/1,電能,新竹縣,"1,231"
2017/11/1,電能,苗栗縣,936
2017/11/1,電能,彰化縣,"2,259"
2017/11/1,電能,南投縣,"1,333"
2017/11/1,電能,雲林縣,"2,620"
2017/11/1,電能,嘉義縣,659
2017/11/1,電能,屏東縣,"3,467"
2017/11/1,電能,臺東縣,"1,861"
2017/11/1,電能,花蓮縣,"2,808"
2017/11/1,電能,澎湖縣,"3,300"
2017/11/1,電能,基隆市,499
2017/11/1,電能,新竹市,"1,648"
2017/11/1,電能,嘉義市,"1,393"
2017/11/1,電能,金門縣,"1,378"
2017/11/1,電能,連江縣,310
2017/12/1,汽油,新北市,"2,169,592"
2017/12/1,汽油,臺北市,"939,912"
2017/12/1,汽油,桃園市,"1,131,692"
2017/12/1,汽油,臺中市,"1,675,125"
2017/12/1,汽油,臺南市,"1,282,774"
2017/12/1,汽油,高雄市,"1,986,423"
2017/12/1,汽油,宜蘭縣,"268,922"
2017/12/1,汽油,新竹縣,"285,331"
2017/12/1,汽油,苗栗縣,"318,529"
2017/12/1,汽油,彰化縣,"811,107"
2017/12/1,汽油,南投縣,"310,019"
2017/12/1,汽油,雲林縣,"422,912"
2017/12/1,汽油,嘉義縣,"321,851"
2017/12/1,汽油,屏東縣,"613,432"
2017/12/1,汽油,臺東縣,"150,499"
2017/12/1,汽油,花蓮縣,"198,653"
2017/12/1,汽油,澎湖縣,"72,647"
2017/12/1,汽油,基隆市,"182,340"
2017/12/1,汽油,新竹市,"258,113"
2017/12/1,汽油,嘉義市,"175,263"
2017/12/1,汽油,金門縣,"60,092"
2017/12/1,汽油,連江縣,"6,341"
2017/12/1,電能,新北市,"18,427"
2017/12/1,電能,臺北市,"13,733"
2017/12/1,電能,桃園市,"22,305"
2017/12/1,電能,臺中市,"12,239"
2017/12/1,電能,臺南市,"6,946"
2017/12/1,電能,高雄市,"13,479"
2017/12/1,電能,宜蘭縣,613
2017/12/1,電能,新竹縣,"1,257"
2017/12/1,電能,苗栗縣,948
2017/12/1,電能,彰化縣,"2,295"
2017/12/1,電能,南投縣,"1,342"
2017/12/1,電能,雲林縣,"2,797"
2017/12/1,電能,嘉義縣,672
2017/12/1,電能,屏東縣,"3,622"
2017/12/1,電能,臺東縣,"1,487"
2017/12/1,電能,花蓮縣,"2,803"
2017/12/1,電能,澎湖縣,"3,571"
2017/12/1,電能,基隆市,507
2017/12/1,電能,新竹市,"1,681"
2017/12/1,電能,嘉義市,"1,515"
2017/12/1,電能,金門縣,"1,464"
2017/12/1,電能,連江縣,310
2018/1/1,汽油,新北市,"2,168,861"
2018/1/1,汽油,臺北市,"939,671"
2018/1/1,汽油,桃園市,"1,133,077"
2018/1/1,汽油,臺中市,"1,676,356"
2018/1/1,汽油,臺南市,"1,283,532"
2018/1/1,汽油,高雄市,"1,988,081"
2018/1/1,汽油,宜蘭縣,"268,939"
2018/1/1,汽油,新竹縣,"285,558"
2018/1/1,汽油,苗栗縣,"318,581"
2018/1/1,汽油,彰化縣,"811,184"
2018/1/1,汽油,南投縣,"310,028"
2018/1/1,汽油,雲林縣,"422,726"
2018/1/1,汽油,嘉義縣,"321,882"
2018/1/1,汽油,屏東縣,"613,876"
2018/1/1,汽油,臺東縣,"150,423"
2018/1/1,汽油,花蓮縣,"198,492"
2018/1/1,汽油,澎湖縣,"72,673"
2018/1/1,汽油,基隆市,"182,236"
2018/1/1,汽油,新竹市,"258,354"
2018/1/1,汽油,嘉義市,"175,289"
2018/1/1,汽油,金門縣,"60,295"
2018/1/1,汽油,連江縣,"6,358"
2018/1/1,電能,新北市,"18,734"
2018/1/1,電能,臺北市,"13,979"
2018/1/1,電能,桃園市,"23,246"
2018/1/1,電能,臺中市,"12,851"
2018/1/1,電能,臺南市,"7,378"
2018/1/1,電能,高雄市,"14,140"
2018/1/1,電能,宜蘭縣,625
2018/1/1,電能,新竹縣,"1,307"
2018/1/1,電能,苗栗縣,970
2018/1/1,電能,彰化縣,"2,377"
2018/1/1,電能,南投縣,"1,353"
2018/1/1,電能,雲林縣,"2,864"
2018/1/1,電能,嘉義縣,705
2018/1/1,電能,屏東縣,"3,696"
2018/1/1,電能,臺東縣,"1,476"
2018/1/1,電能,花蓮縣,"2,811"
2018/1/1,電能,澎湖縣,"3,562"
2018/1/1,電能,基隆市,523
2018/1/1,電能,新竹市,"1,693"
2018/1/1,電能,嘉義市,"1,592"
2018/1/1,電能,金門縣,"1,474"
2018/1/1,電能,連江縣,310
2018/2/1,汽油,新北市,"2,167,322"
2018/2/1,汽油,臺北市,"939,259"
2018/2/1,汽油,桃園市,"1,134,071"
2018/2/1,汽油,臺中市,"1,677,273"
2018/2/1,汽油,臺南市,"1,284,306"
2018/2/1,汽油,高雄市,"1,988,742"
2018/2/1,汽油,宜蘭縣,"268,915"
2018/2/1,汽油,新竹縣,"285,739"
2018/2/1,汽油,苗栗縣,"318,468"
2018/2/1,汽油,彰化縣,"811,179"
2018/2/1,汽油,南投縣,"310,048"
2018/2/1,汽油,雲林縣,"422,581"
2018/2/1,汽油,嘉義縣,"322,021"
2018/2/1,汽油,屏東縣,"613,977"
2018/2/1,汽油,臺東縣,"150,601"
2018/2/1,汽油,花蓮縣,"198,449"
2018/2/1,汽油,澎湖縣,"72,706"
2018/2/1,汽油,基隆市,"182,247"
2018/2/1,汽油,新竹市,"258,407"
2018/2/1,汽油,嘉義市,"174,750"
2018/2/1,汽油,金門縣,"60,435"
2018/2/1,汽油,連江縣,"6,370"
2018/2/1,電能,新北市,"19,651"
2018/2/1,電能,臺北市,"14,304"
2018/2/1,電能,桃園市,"23,943"
2018/2/1,電能,臺中市,"13,292"
2018/2/1,電能,臺南市,"7,707"
2018/2/1,電能,高雄市,"14,782"
2018/2/1,電能,宜蘭縣,636
2018/2/1,電能,新竹縣,"1,333"
2018/2/1,電能,苗栗縣,984
2018/2/1,電能,彰化縣,"2,494"
2018/2/1,電能,南投縣,"1,373"
2018/2/1,電能,雲林縣,"2,954"
2018/2/1,電能,嘉義縣,728
2018/2/1,電能,屏東縣,"3,867"
2018/2/1,電能,臺東縣,"1,493"
2018/2/1,電能,花蓮縣,"2,837"
2018/2/1,電能,澎湖縣,"3,533"
2018/2/1,電能,基隆市,529
2018/2/1,電能,新竹市,"1,710"
2018/2/1,電能,嘉義市,"1,662"
2018/2/1,電能,金門縣,"1,477"
2018/2/1,電能,連江縣,207
2018/3/1,汽油,新北市,"2,164,251"
2018/3/1,汽油,臺北市,"938,950"
2018/3/1,汽油,桃園市,"1,136,036"
2018/3/1,汽油,臺中市,"1,678,089"
2018/3/1,汽油,臺南市,"1,285,067"
2018/3/1,汽油,高雄市,"1,988,594"
2018/3/1,汽油,宜蘭縣,"268,834"
2018/3/1,汽油,新竹縣,"286,026"
2018/3/1,汽油,苗栗縣,"318,503"
2018/3/1,汽油,彰化縣,"811,172"
2018/3/1,汽油,南投縣,"309,869"
2018/3/1,汽油,雲林縣,"422,431"
2018/3/1,汽油,嘉義縣,"322,171"
2018/3/1,汽油,屏東縣,"614,028"
2018/3/1,汽油,臺東縣,"150,772"
2018/3/1,汽油,花蓮縣,"198,341"
2018/3/1,汽油,澎湖縣,"73,524"
2018/3/1,汽油,基隆市,"182,162"
2018/3/1,汽油,新竹市,"258,576"
2018/3/1,汽油,嘉義市,"174,715"
2018/3/1,汽油,金門縣,"60,725"
2018/3/1,汽油,連江縣,"6,452"
2018/3/1,電能,新北市,"20,631"
2018/3/1,電能,臺北市,"14,624"
2018/3/1,電能,桃園市,"24,982"
2018/3/1,電能,臺中市,"14,007"
2018/3/1,電能,臺南市,"8,316"
2018/3/1,電能,高雄市,"15,656"
2018/3/1,電能,宜蘭縣,663
2018/3/1,電能,新竹縣,"1,375"
2018/3/1,電能,苗栗縣,"1,009"
2018/3/1,電能,彰化縣,"2,665"
2018/3/1,電能,南投縣,"1,401"
2018/3/1,電能,雲林縣,"3,070"
2018/3/1,電能,嘉義縣,789
2018/3/1,電能,屏東縣,"4,069"
2018/3/1,電能,臺東縣,"1,491"
2018/3/1,電能,花蓮縣,"2,861"
2018/3/1,電能,澎湖縣,"3,498"
2018/3/1,電能,基隆市,549
2018/3/1,電能,新竹市,"1,842"
2018/3/1,電能,嘉義市,"1,741"
2018/3/1,電能,金門縣,"1,476"
2018/3/1,電能,連江縣,207
2018/4/1,汽油,新北市,"2,163,342"
2018/4/1,汽油,臺北市,"938,617"
2018/4/1,汽油,桃園市,"1,137,311"
2018/4/1,汽油,臺中市,"1,678,767"
2018/4/1,汽油,臺南市,"1,285,170"
2018/4/1,汽油,高雄市,"1,988,024"
2018/4/1,汽油,宜蘭縣,"268,693"
2018/4/1,汽油,新竹縣,"286,174"
2018/4/1,汽油,苗栗縣,"318,547"
2018/4/1,汽油,彰化縣,"810,076"
2018/4/1,汽油,南投縣,"309,824"
2018/4/1,汽油,雲林縣,"422,342"
2018/4/1,汽油,嘉義縣,"322,092"
2018/4/1,汽油,屏東縣,"614,083"
2018/4/1,汽油,臺東縣,"150,774"
2018/4/1,汽油,花蓮縣,"198,292"
2018/4/1,汽油,澎湖縣,"74,072"
2018/4/1,汽油,基隆市,"182,204"
2018/4/1,汽油,新竹市,"258,689"
2018/4/1,汽油,嘉義市,"174,538"
2018/4/1,汽油,金門縣,"60,963"
2018/4/1,汽油,連江縣,"6,486"
2018/4/1,電能,新北市,"21,486"
2018/4/1,電能,臺北市,"14,887"
2018/4/1,電能,桃園市,"25,909"
2018/4/1,電能,臺中市,"14,590"
2018/4/1,電能,臺南市,"8,736"
2018/4/1,電能,高雄市,"16,344"
2018/4/1,電能,宜蘭縣,684
2018/4/1,電能,新竹縣,"1,423"
2018/4/1,電能,苗栗縣,"1,019"
2018/4/1,電能,彰化縣,"2,834"
2018/4/1,電能,南投縣,"1,413"
2018/4/1,電能,雲林縣,"3,153"
2018/4/1,電能,嘉義縣,847
2018/4/1,電能,屏東縣,"4,287"
2018/4/1,電能,臺東縣,"1,504"
2018/4/1,電能,花蓮縣,"2,894"
2018/4/1,電能,澎湖縣,"3,487"
2018/4/1,電能,基隆市,574
2018/4/1,電能,新竹市,"2,021"
2018/4/1,電能,嘉義市,"1,784"
2018/4/1,電能,金門縣,"1,480"
2018/4/1,電能,連江縣,208
2018/5/1,汽油,新北市,"2,162,729"
2018/5/1,汽油,臺北市,"938,222"
2018/5/1,汽油,桃園市,"1,139,277"
2018/5/1,汽油,臺中市,"1,680,082"
2018/5/1,汽油,臺南市,"1,285,971"
2018/5/1,汽油,高雄市,"1,986,818"
2018/5/1,汽油,宜蘭縣,"268,605"
2018/5/1,汽油,新竹縣,"286,577"
2018/5/1,汽油,苗栗縣,"318,553"
2018/5/1,汽油,彰化縣,"810,024"
2018/5/1,汽油,南投縣,"309,680"
2018/5/1,汽油,雲林縣,"422,321"
2018/5/1,汽油,嘉義縣,"322,088"
2018/5/1,汽油,屏東縣,"614,392"
2018/5/1,汽油,臺東縣,"150,805"
2018/5/1,汽油,花蓮縣,"198,178"
2018/5/1,汽油,澎湖縣,"74,171"
2018/5/1,汽油,基隆市,"182,149"
2018/5/1,汽油,新竹市,"258,847"
2018/5/1,汽油,嘉義市,"174,520"
2018/5/1,汽油,金門縣,"61,195"
2018/5/1,汽油,連江縣,"6,529"
2018/5/1,電能,新北市,"22,508"
2018/5/1,電能,臺北市,"15,221"
2018/5/1,電能,桃園市,"27,061"
2018/5/1,電能,臺中市,"15,285"
2018/5/1,電能,臺南市,"9,274"
2018/5/1,電能,高雄市,"17,248"
2018/5/1,電能,宜蘭縣,699
2018/5/1,電能,新竹縣,"1,490"
2018/5/1,電能,苗栗縣,"1,056"
2018/5/1,電能,彰化縣,"2,965"
2018/5/1,電能,南投縣,"1,436"
2018/5/1,電能,雲林縣,"3,250"
2018/5/1,電能,嘉義縣,909
2018/5/1,電能,屏東縣,"4,591"
2018/5/1,電能,臺東縣,"1,530"
2018/5/1,電能,花蓮縣,"2,924"
2018/5/1,電能,澎湖縣,"3,379"
2018/5/1,電能,基隆市,598
2018/5/1,電能,新竹市,"2,091"
2018/5/1,電能,嘉義市,"1,861"
2018/5/1,電能,金門縣,"1,491"
2018/5/1,電能,連江縣,209
2018/6/1,汽油,新北市,"2,162,266"
2018/6/1,汽油,臺北市,"937,993"
2018/6/1,汽油,桃園市,"1,141,319"
2018/6/1,汽油,臺中市,"1,681,195"
2018/6/1,汽油,臺南市,"1,286,814"
2018/6/1,汽油,高雄市,"1,987,142"
2018/6/1,汽油,宜蘭縣,"268,720"
2018/6/1,汽油,新竹縣,"287,151"
2018/6/1,汽油,苗栗縣,"318,742"
2018/6/1,汽油,彰化縣,"810,645"
2018/6/1,汽油,南投縣,"309,803"
2018/6/1,汽油,雲林縣,"422,398"
2018/6/1,汽油,嘉義縣,"322,343"
2018/6/1,汽油,屏東縣,"614,774"
2018/6/1,汽油,臺東縣,"150,995"
2018/6/1,汽油,花蓮縣,"198,180"
2018/6/1,汽油,澎湖縣,"74,151"
2018/6/1,汽油,基隆市,"182,223"
2018/6/1,汽油,新竹市,"259,239"
2018/6/1,汽油,嘉義市,"174,573"
2018/6/1,汽油,金門縣,"61,402"
2018/6/1,汽油,連江縣,"6,543"
2018/6/1,電能,新北市,"23,494"
2018/6/1,電能,臺北市,"15,612"
2018/6/1,電能,桃園市,"28,475"
2018/6/1,電能,臺中市,"16,025"
2018/6/1,電能,臺南市,"9,853"
2018/6/1,電能,高雄市,"18,129"
2018/6/1,電能,宜蘭縣,762
2018/6/1,電能,新竹縣,"1,564"
2018/6/1,電能,苗栗縣,"1,101"
2018/6/1,電能,彰化縣,"3,124"
2018/6/1,電能,南投縣,"1,457"
2018/6/1,電能,雲林縣,"3,363"
2018/6/1,電能,嘉義縣,992
2018/6/1,電能,屏東縣,"4,786"
2018/6/1,電能,臺東縣,"1,547"
2018/6/1,電能,花蓮縣,"3,038"
2018/6/1,電能,澎湖縣,"3,369"
2018/6/1,電能,基隆市,638
2018/6/1,電能,新竹市,"2,188"
2018/6/1,電能,嘉義市,"1,935"
2018/6/1,電能,金門縣,"1,498"
2018/6/1,電能,連江縣,209
2018/7/1,汽油,新北市,"2,160,505"
2018/7/1,汽油,臺北市,"936,517"
2018/7/1,汽油,桃園市,"1,143,122"
2018/7/1,汽油,臺中市,"1,679,410"
2018/7/1,汽油,臺南市,"1,286,322"
2018/7/1,汽油,高雄市,"1,985,799"
2018/7/1,汽油,宜蘭縣,"268,696"
2018/7/1,汽油,新竹縣,"287,771"
2018/7/1,汽油,苗栗縣,"318,782"
2018/7/1,汽油,彰化縣,"809,830"
2018/7/1,汽油,南投縣,"309,699"
2018/7/1,汽油,雲林縣,"422,275"
2018/7/1,汽油,嘉義縣,"321,688"
2018/7/1,汽油,屏東縣,"614,357"
2018/7/1,汽油,臺東縣,"151,154"
2018/7/1,汽油,花蓮縣,"197,999"
2018/7/1,汽油,澎湖縣,"74,248"
2018/7/1,汽油,基隆市,"182,202"
2018/7/1,汽油,新竹市,"259,368"
2018/7/1,汽油,嘉義市,"174,149"
2018/7/1,汽油,金門縣,"61,631"
2018/7/1,汽油,連江縣,"6,550"
2018/7/1,電能,新北市,"24,289"
2018/7/1,電能,臺北市,"16,338"
2018/7/1,電能,桃園市,"29,930"
2018/7/1,電能,臺中市,"16,933"
2018/7/1,電能,臺南市,"10,566"
2018/7/1,電能,高雄市,"19,228"
2018/7/1,電能,宜蘭縣,788
2018/7/1,電能,新竹縣,"1,643"
2018/7/1,電能,苗栗縣,"1,141"
2018/7/1,電能,彰化縣,"3,358"
2018/7/1,電能,南投縣,"1,479"
2018/7/1,電能,雲林縣,"3,487"
2018/7/1,電能,嘉義縣,"1,079"
2018/7/1,電能,屏東縣,"5,048"
2018/7/1,電能,臺東縣,"1,586"
2018/7/1,電能,花蓮縣,"3,157"
2018/7/1,電能,澎湖縣,"3,357"
2018/7/1,電能,基隆市,684
2018/7/1,電能,新竹市,"2,392"
2018/7/1,電能,嘉義市,"2,004"
2018/7/1,電能,金門縣,"1,502"
2018/7/1,電能,連江縣,209
2018/8/1,汽油,新北市,"2,161,079"
2018/8/1,汽油,臺北市,"928,112"
2018/8/1,汽油,桃園市,"1,144,785"
2018/8/1,汽油,臺中市,"1,680,574"
2018/8/1,汽油,臺南市,"1,286,953"
2018/8/1,汽油,高雄市,"1,985,919"
2018/8/1,汽油,宜蘭縣,"268,690"
2018/8/1,汽油,新竹縣,"288,272"
2018/8/1,汽油,苗栗縣,"318,984"
2018/8/1,汽油,彰化縣,"809,830"
2018/8/1,汽油,南投縣,"309,894"
2018/8/1,汽油,雲林縣,"422,388"
2018/8/1,汽油,嘉義縣,"321,895"
2018/8/1,汽油,屏東縣,"614,486"
2018/8/1,汽油,臺東縣,"151,249"
2018/8/1,汽油,花蓮縣,"197,742"
2018/8/1,汽油,澎湖縣,"74,287"
2018/8/1,汽油,基隆市,"181,766"
2018/8/1,汽油,新竹市,"259,441"
2018/8/1,汽油,嘉義市,"174,077"
2018/8/1,汽油,金門縣,"61,727"
2018/8/1,汽油,連江縣,"6,549"
2018/8/1,電能,新北市,"25,094"
2018/8/1,電能,臺北市,"17,293"
2018/8/1,電能,桃園市,"31,032"
2018/8/1,電能,臺中市,"17,740"
2018/8/1,電能,臺南市,"11,287"
2018/8/1,電能,高雄市,"20,250"
2018/8/1,電能,宜蘭縣,898
2018/8/1,電能,新竹縣,"1,704"
2018/8/1,電能,苗栗縣,"1,169"
2018/8/1,電能,彰化縣,"3,521"
2018/8/1,電能,南投縣,"1,522"
2018/8/1,電能,雲林縣,"3,598"
2018/8/1,電能,嘉義縣,"1,152"
2018/8/1,電能,屏東縣,"5,287"
2018/8/1,電能,臺東縣,"1,650"
2018/8/1,電能,花蓮縣,"3,303"
2018/8/1,電能,澎湖縣,"3,346"
2018/8/1,電能,基隆市,728
2018/8/1,電能,新竹市,"2,586"
2018/8/1,電能,嘉義市,"2,058"
2018/8/1,電能,金門縣,"1,515"
2018/8/1,電能,連江縣,209
2018/9/1,汽油,新北市,"2,163,231"
2018/9/1,汽油,臺北市,"927,917"
2018/9/1,汽油,桃園市,"1,147,805"
2018/9/1,汽油,臺中市,"1,682,216"
2018/9/1,汽油,臺南市,"1,287,461"
2018/9/1,汽油,高雄市,"1,986,508"
2018/9/1,汽油,宜蘭縣,"268,743"
2018/9/1,汽油,新竹縣,"289,160"
2018/9/1,汽油,苗栗縣,"319,430"
2018/9/1,汽油,彰化縣,"810,253"
2018/9/1,汽油,南投縣,"310,255"
2018/9/1,汽油,雲林縣,"422,723"
2018/9/1,汽油,嘉義縣,"322,226"
2018/9/1,汽油,屏東縣,"614,593"
2018/9/1,汽油,臺東縣,"151,251"
2018/9/1,汽油,花蓮縣,"197,790"
2018/9/1,汽油,澎湖縣,"74,389"
2018/9/1,汽油,基隆市,"181,908"
2018/9/1,汽油,新竹市,"259,981"
2018/9/1,汽油,嘉義市,"174,057"
2018/9/1,汽油,金門縣,"62,064"
2018/9/1,汽油,連江縣,"6,547"
2018/9/1,電能,新北市,"26,136"
2018/9/1,電能,臺北市,"17,824"
2018/9/1,電能,桃園市,"32,563"
2018/9/1,電能,臺中市,"18,903"
2018/9/1,電能,臺南市,"12,027"
2018/9/1,電能,高雄市,"21,464"
2018/9/1,電能,宜蘭縣,"1,049"
2018/9/1,電能,新竹縣,"1,795"
2018/9/1,電能,苗栗縣,"1,229"
2018/9/1,電能,彰化縣,"3,795"
2018/9/1,電能,南投縣,"1,563"
2018/9/1,電能,雲林縣,"3,753"
2018/9/1,電能,嘉義縣,"1,271"
2018/9/1,電能,屏東縣,"5,552"
2018/9/1,電能,臺東縣,"1,707"
2018/9/1,電能,花蓮縣,"3,536"
2018/9/1,電能,澎湖縣,"3,338"
2018/9/1,電能,基隆市,766
2018/9/1,電能,新竹市,"2,768"
2018/9/1,電能,嘉義市,"2,140"
2018/9/1,電能,金門縣,"1,489"
2018/9/1,電能,連江縣,209
2018/10/1,汽油,新北市,"2,161,328"
2018/10/1,汽油,臺北市,"927,091"
2018/10/1,汽油,桃園市,"1,149,033"
2018/10/1,汽油,臺中市,"1,681,873"
2018/10/1,汽油,臺南市,"1,285,771"
2018/10/1,汽油,高雄市,"1,984,520"
2018/10/1,汽油,宜蘭縣,"268,475"
2018/10/1,汽油,新竹縣,"289,524"
2018/10/1,汽油,苗栗縣,"319,443"
2018/10/1,汽油,彰化縣,"809,659"
2018/10/1,汽油,南投縣,"310,205"
2018/10/1,汽油,雲林縣,"422,461"
2018/10/1,汽油,嘉義縣,"322,289"
2018/10/1,汽油,屏東縣,"614,247"
2018/10/1,汽油,臺東縣,"151,348"
2018/10/1,汽油,花蓮縣,"196,994"
2018/10/1,汽油,澎湖縣,"74,443"
2018/10/1,汽油,基隆市,"181,865"
2018/10/1,汽油,新竹市,"259,970"
2018/10/1,汽油,嘉義市,"173,996"
2018/10/1,汽油,金門縣,"62,347"
2018/10/1,汽油,連江縣,"6,596"
2018/10/1,電能,新北市,"26,905"
2018/10/1,電能,臺北市,"18,595"
2018/10/1,電能,桃園市,"34,468"
2018/10/1,電能,臺中市,"20,223"
2018/10/1,電能,臺南市,"13,235"
2018/10/1,電能,高雄市,"23,034"
2018/10/1,電能,宜蘭縣,"1,246"
2018/10/1,電能,新竹縣,"1,905"
2018/10/1,電能,苗栗縣,"1,289"
2018/10/1,電能,彰化縣,"4,167"
2018/10/1,電能,南投縣,"1,644"
2018/10/1,電能,雲林縣,"3,967"
2018/10/1,電能,嘉義縣,"1,415"
2018/10/1,電能,屏東縣,"6,060"
2018/10/1,電能,臺東縣,"1,772"
2018/10/1,電能,花蓮縣,"3,882"
2018/10/1,電能,澎湖縣,"3,324"
2018/10/1,電能,基隆市,820
2018/10/1,電能,新竹市,"2,917"
2018/10/1,電能,嘉義市,"2,257"
2018/10/1,電能,金門縣,"1,519"
2018/10/1,電能,連江縣,209
2018/11/1,汽油,新北市,"2,160,508"
2018/11/1,汽油,臺北市,"925,808"
2018/11/1,汽油,桃園市,"1,149,525"
2018/11/1,汽油,臺中市,"1,682,405"
2018/11/1,汽油,臺南市,"1,284,412"
2018/11/1,汽油,高雄市,"1,983,238"
2018/11/1,汽油,宜蘭縣,"268,079"
2018/11/1,汽油,新竹縣,"289,882"
2018/11/1,汽油,苗栗縣,"319,162"
2018/11/1,汽油,彰化縣,"809,442"
2018/11/1,汽油,南投縣,"310,265"
2018/11/1,汽油,雲林縣,"422,068"
2018/11/1,汽油,嘉義縣,"322,139"
2018/11/1,汽油,屏東縣,"613,842"
2018/11/1,汽油,臺東縣,"151,326"
2018/11/1,汽油,花蓮縣,"196,716"
2018/11/1,汽油,澎湖縣,"74,468"
2018/11/1,汽油,基隆市,"181,883"
2018/11/1,汽油,新竹市,"259,964"
2018/11/1,汽油,嘉義市,"173,867"
2018/11/1,汽油,金門縣,"62,533"
2018/11/1,汽油,連江縣,"6,580"
2018/11/1,電能,新北市,"27,604"
2018/11/1,電能,臺北市,"19,176"
2018/11/1,電能,桃園市,"36,616"
2018/11/1,電能,臺中市,"21,590"
2018/11/1,電能,臺南市,"14,299"
2018/11/1,電能,高雄市,"24,814"
2018/11/1,電能,宜蘭縣,"1,341"
2018/11/1,電能,新竹縣,"2,027"
2018/11/1,電能,苗栗縣,"1,348"
2018/11/1,電能,彰化縣,"4,533"
2018/11/1,電能,南投縣,"1,692"
2018/11/1,電能,雲林縣,"4,159"
2018/11/1,電能,嘉義縣,"1,567"
2018/11/1,電能,屏東縣,"6,504"
2018/11/1,電能,臺東縣,"1,792"
2018/11/1,電能,花蓮縣,"4,011"
2018/11/1,電能,澎湖縣,"3,321"
2018/11/1,電能,基隆市,887
2018/11/1,電能,新竹市,"3,084"
2018/11/1,電能,嘉義市,"2,358"
2018/11/1,電能,金門縣,"1,541"
2018/11/1,電能,連江縣,116
2018/12/1,汽油,新北市,"2,159,422"
2018/12/1,汽油,臺北市,"924,482"
2018/12/1,汽油,桃園市,"1,150,404"
2018/12/1,汽油,臺中市,"1,683,626"
2018/12/1,汽油,臺南市,"1,282,904"
2018/12/1,汽油,高雄市,"1,981,365"
2018/12/1,汽油,宜蘭縣,"267,248"
2018/12/1,汽油,新竹縣,"290,086"
2018/12/1,汽油,苗栗縣,"319,159"
2018/12/1,汽油,彰化縣,"809,203"
2018/12/1,汽油,南投縣,"310,114"
2018/12/1,汽油,雲林縣,"421,787"
2018/12/1,汽油,嘉義縣,"321,481"
2018/12/1,汽油,屏東縣,"612,576"
2018/12/1,汽油,臺東縣,"151,381"
2018/12/1,汽油,花蓮縣,"196,250"
2018/12/1,汽油,澎湖縣,"74,521"
2018/12/1,汽油,基隆市,"181,812"
2018/12/1,汽油,新竹市,"260,260"
2018/12/1,汽油,嘉義市,"173,483"
2018/12/1,汽油,金門縣,"62,730"
2018/12/1,汽油,連江縣,"6,593"
2018/12/1,電能,新北市,"28,184"
2018/12/1,電能,臺北市,"19,689"
2018/12/1,電能,桃園市,"38,720"
2018/12/1,電能,臺中市,"23,060"
2018/12/1,電能,臺南市,"15,607"
2018/12/1,電能,高雄市,"27,110"
2018/12/1,電能,宜蘭縣,"1,459"
2018/12/1,電能,新竹縣,"2,138"
2018/12/1,電能,苗栗縣,"1,411"
2018/12/1,電能,彰化縣,"4,876"
2018/12/1,電能,南投縣,"1,760"
2018/12/1,電能,雲林縣,"4,294"
2018/12/1,電能,嘉義縣,"1,746"
2018/12/1,電能,屏東縣,"7,025"
2018/12/1,電能,臺東縣,"1,794"
2018/12/1,電能,花蓮縣,"4,010"
2018/12/1,電能,澎湖縣,"3,363"
2018/12/1,電能,基隆市,916
2018/12/1,電能,新竹市,"3,188"
2018/12/1,電能,嘉義市,"2,525"
2018/12/1,電能,金門縣,"1,642"
2018/12/1,電能,連江縣,116
2019/1/1,汽油,新北市,"2,158,969"
2019/1/1,汽油,臺北市,"923,888"
2019/1/1,汽油,桃園市,"1,151,028"
2019/1/1,汽油,臺中市,"1,684,172"
2019/1/1,汽油,臺南市,"1,282,550"
2019/1/1,汽油,高雄市,"1,982,049"
2019/1/1,汽油,宜蘭縣,"267,136"
2019/1/1,汽油,新竹縣,"290,234"
2019/1/1,汽油,苗栗縣,"319,099"
2019/1/1,汽油,彰化縣,"809,044"
2019/1/1,汽油,南投縣,"309,733"
2019/1/1,汽油,雲林縣,"421,447"
2019/1/1,汽油,嘉義縣,"321,689"
2019/1/1,汽油,屏東縣,"612,500"
2019/1/1,汽油,臺東縣,"151,565"
2019/1/1,汽油,花蓮縣,"196,302"
2019/1/1,汽油,澎湖縣,"74,551"
2019/1/1,汽油,基隆市,"181,777"
2019/1/1,汽油,新竹市,"260,255"
2019/1/1,汽油,嘉義市,"173,490"
2019/1/1,汽油,金門縣,"62,975"
2019/1/1,汽油,連江縣,"6,616"
2019/1/1,電能,新北市,"28,495"
2019/1/1,電能,臺北市,"20,254"
2019/1/1,電能,桃園市,"40,823"
2019/1/1,電能,臺中市,"24,438"
2019/1/1,電能,臺南市,"16,837"
2019/1/1,電能,高雄市,"27,493"
2019/1/1,電能,宜蘭縣,"1,478"
2019/1/1,電能,新竹縣,"2,241"
2019/1/1,電能,苗栗縣,"1,462"
2019/1/1,電能,彰化縣,"5,103"
2019/1/1,電能,南投縣,"1,823"
2019/1/1,電能,雲林縣,"4,367"
2019/1/1,電能,嘉義縣,"1,865"
2019/1/1,電能,屏東縣,"7,606"
2019/1/1,電能,臺東縣,"1,772"
2019/1/1,電能,花蓮縣,"4,058"
2019/1/1,電能,澎湖縣,"3,352"
2019/1/1,電能,基隆市,948
2019/1/1,電能,新竹市,"3,235"
2019/1/1,電能,嘉義市,"2,570"
2019/1/1,電能,金門縣,"1,644"
2019/1/1,電能,連江縣,116
2019/2/1,汽油,新北市,"2,158,506"
2019/2/1,汽油,臺北市,"923,721"
2019/2/1,汽油,桃園市,"1,152,002"
2019/2/1,汽油,臺中市,"1,685,273"
2019/2/1,汽油,臺南市,"1,283,171"
2019/2/1,汽油,高雄市,"1,982,814"
2019/2/1,汽油,宜蘭縣,"267,163"
2019/2/1,汽油,新竹縣,"290,507"
2019/2/1,汽油,苗栗縣,"319,044"
2019/2/1,汽油,彰化縣,"808,822"
2019/2/1,汽油,南投縣,"309,643"
2019/2/1,汽油,雲林縣,"421,350"
2019/2/1,汽油,嘉義縣,"321,808"
2019/2/1,汽油,屏東縣,"610,175"
2019/2/1,汽油,臺東縣,"151,517"
2019/2/1,汽油,花蓮縣,"196,284"
2019/2/1,汽油,澎湖縣,"74,623"
2019/2/1,汽油,基隆市,"181,807"
2019/2/1,汽油,新竹市,"260,297"
2019/2/1,汽油,嘉義市,"173,514"
2019/2/1,汽油,金門縣,"63,104"
2019/2/1,汽油,連江縣,"6,640"
2019/2/1,電能,新北市,"28,782"
2019/2/1,電能,臺北市,"20,687"
2019/2/1,電能,桃園市,"42,009"
2019/2/1,電能,臺中市,"25,165"
2019/2/1,電能,臺南市,"17,715"
2019/2/1,電能,高雄市,"27,919"
2019/2/1,電能,宜蘭縣,"1,615"
2019/2/1,電能,新竹縣,"2,333"
2019/2/1,電能,苗栗縣,"1,517"
2019/2/1,電能,彰化縣,"5,324"
2019/2/1,電能,南投縣,"1,901"
2019/2/1,電能,雲林縣,"4,584"
2019/2/1,電能,嘉義縣,"1,979"
2019/2/1,電能,屏東縣,"7,908"
2019/2/1,電能,臺東縣,"1,769"
2019/2/1,電能,花蓮縣,"4,123"
2019/2/1,電能,澎湖縣,"3,346"
2019/2/1,電能,基隆市,964
2019/2/1,電能,新竹市,"3,308"
2019/2/1,電能,嘉義市,"2,618"
2019/2/1,電能,金門縣,"1,652"
2019/2/1,電能,連江縣,117
2019/3/1,汽油,新北市,"2,158,000"
2019/3/1,汽油,臺北市,"923,079"
2019/3/1,汽油,桃園市,"1,153,457"
2019/3/1,汽油,臺中市,"1,685,505"
2019/3/1,汽油,臺南市,"1,283,912"
2019/3/1,汽油,高雄市,"1,983,600"
2019/3/1,汽油,宜蘭縣,"267,180"
2019/3/1,汽油,新竹縣,"290,766"
2019/3/1,汽油,苗栗縣,"318,938"
2019/3/1,汽油,彰化縣,"808,888"
2019/3/1,汽油,南投縣,"309,668"
2019/3/1,汽油,雲林縣,"421,388"
2019/3/1,汽油,嘉義縣,"321,866"
2019/3/1,汽油,屏東縣,"607,581"
2019/3/1,汽油,臺東縣,"151,611"
2019/3/1,汽油,花蓮縣,"196,171"
2019/3/1,汽油,澎湖縣,"75,182"
2019/3/1,汽油,基隆市,"181,846"
2019/3/1,汽油,新竹市,"260,502"
2019/3/1,汽油,嘉義市,"173,511"
2019/3/1,汽油,金門縣,"63,339"
2019/3/1,汽油,連江縣,"6,670"
2019/3/1,電能,新北市,"30,972"
2019/3/1,電能,臺北市,"21,453"
2019/3/1,電能,桃園市,"43,533"
2019/3/1,電能,臺中市,"26,156"
2019/3/1,電能,臺南市,"18,626"
2019/3/1,電能,高雄市,"28,904"
2019/3/1,電能,宜蘭縣,"1,757"
2019/3/1,電能,新竹縣,"2,532"
2019/3/1,電能,苗栗縣,"1,560"
2019/3/1,電能,彰化縣,"5,715"
2019/3/1,電能,南投縣,"1,988"
2019/3/1,電能,雲林縣,"4,792"
2019/3/1,電能,嘉義縣,"2,134"
2019/3/1,電能,屏東縣,"8,318"
2019/3/1,電能,臺東縣,"1,819"
2019/3/1,電能,花蓮縣,"4,234"
2019/3/1,電能,澎湖縣,"3,345"
2019/3/1,電能,基隆市,"1,001"
2019/3/1,電能,新竹市,"3,704"
2019/3/1,電能,嘉義市,"2,708"
2019/3/1,電能,金門縣,"1,651"
2019/3/1,電能,連江縣,118
2019/4/1,汽油,新北市,"2,157,558"
2019/4/1,汽油,臺北市,"922,961"
2019/4/1,汽油,桃園市,"1,155,014"
2019/4/1,汽油,臺中市,"1,685,855"
2019/4/1,汽油,臺南市,"1,284,408"
2019/4/1,汽油,高雄市,"1,982,712"
2019/4/1,汽油,宜蘭縣,"267,115"
2019/4/1,汽油,新竹縣,"291,157"
2019/4/1,汽油,苗栗縣,"318,726"
2019/4/1,汽油,彰化縣,"808,810"
2019/4/1,汽油,南投縣,"309,540"
2019/4/1,汽油,雲林縣,"421,496"
2019/4/1,汽油,嘉義縣,"322,050"
2019/4/1,汽油,屏東縣,"607,620"
2019/4/1,汽油,臺東縣,"151,671"
2019/4/1,汽油,花蓮縣,"196,172"
2019/4/1,汽油,澎湖縣,"75,702"
2019/4/1,汽油,基隆市,"181,767"
2019/4/1,汽油,新竹市,"260,645"
2019/4/1,汽油,嘉義市,"173,526"
2019/4/1,汽油,金門縣,"63,533"
2019/4/1,汽油,連江縣,"6,697"
2019/4/1,電能,新北市,"31,915"
2019/4/1,電能,臺北市,"21,962"
2019/4/1,電能,桃園市,"45,293"
2019/4/1,電能,臺中市,"27,146"
2019/4/1,電能,臺南市,"19,583"
2019/4/1,電能,高雄市,"31,543"
2019/4/1,電能,宜蘭縣,"1,894"
2019/4/1,電能,新竹縣,"2,867"
2019/4/1,電能,苗栗縣,"1,606"
2019/4/1,電能,彰化縣,"6,040"
2019/4/1,電能,南投縣,"2,099"
2019/4/1,電能,雲林縣,"5,006"
2019/4/1,電能,嘉義縣,"2,292"
2019/4/1,電能,屏東縣,"8,556"
2019/4/1,電能,臺東縣,"1,916"
2019/4/1,電能,花蓮縣,"4,374"
2019/4/1,電能,澎湖縣,"3,337"
2019/4/1,電能,基隆市,"1,036"
2019/4/1,電能,新竹市,"3,808"
2019/4/1,電能,嘉義市,"2,776"
2019/4/1,電能,金門縣,"1,654"
2019/4/1,電能,連江縣,119
2019/5/1,汽油,新北市,"2,156,048"
2019/5/1,汽油,臺北市,"922,284"
2019/5/1,汽油,桃園市,"1,156,101"
2019/5/1,汽油,臺中市,"1,685,897"
2019/5/1,汽油,臺南市,"1,284,921"
2019/5/1,汽油,高雄市,"1,982,204"
2019/5/1,汽油,宜蘭縣,"266,769"
2019/5/1,汽油,新竹縣,"291,351"
2019/5/1,汽油,苗栗縣,"318,100"
2019/5/1,汽油,彰化縣,"808,412"
2019/5/1,汽油,南投縣,"309,206"
2019/5/1,汽油,雲林縣,"421,482"
2019/5/1,汽油,嘉義縣,"321,983"
2019/5/1,汽油,屏東縣,"607,290"
2019/5/1,汽油,臺東縣,"151,596"
2019/5/1,汽油,花蓮縣,"196,079"
2019/5/1,汽油,澎湖縣,"75,988"
2019/5/1,汽油,基隆市,"181,698"
2019/5/1,汽油,新竹市,"260,800"
2019/5/1,汽油,嘉義市,"173,400"
2019/5/1,汽油,金門縣,"63,735"
2019/5/1,汽油,連江縣,"6,697"
2019/5/1,電能,新北市,"33,246"
2019/5/1,電能,臺北市,"22,816"
2019/5/1,電能,桃園市,"47,700"
2019/5/1,電能,臺中市,"28,530"
2019/5/1,電能,臺南市,"20,916"
2019/5/1,電能,高雄市,"33,420"
2019/5/1,電能,宜蘭縣,"2,082"
2019/5/1,電能,新竹縣,"3,237"
2019/5/1,電能,苗栗縣,"1,690"
2019/5/1,電能,彰化縣,"6,401"
2019/5/1,電能,南投縣,"2,261"
2019/5/1,電能,雲林縣,"5,307"
2019/5/1,電能,嘉義縣,"2,457"
2019/5/1,電能,屏東縣,"9,050"
2019/5/1,電能,臺東縣,"2,016"
2019/5/1,電能,花蓮縣,"4,524"
2019/5/1,電能,澎湖縣,"3,325"
2019/5/1,電能,基隆市,"1,085"
2019/5/1,電能,新竹市,"3,972"
2019/5/1,電能,嘉義市,"2,842"
2019/5/1,電能,金門縣,"1,671"
2019/5/1,電能,連江縣,120
2019/6/1,汽油,新北市,"2,156,057"
2019/6/1,汽油,臺北市,"921,672"
2019/6/1,汽油,桃園市,"1,157,701"
2019/6/1,汽油,臺中市,"1,686,602"
2019/6/1,汽油,臺南市,"1,285,447"
2019/6/1,汽油,高雄市,"1,982,393"
2019/6/1,汽油,宜蘭縣,"266,488"
2019/6/1,汽油,新竹縣,"291,754"
2019/6/1,汽油,苗栗縣,"318,075"
2019/6/1,汽油,彰化縣,"808,651"
2019/6/1,汽油,南投縣,"309,000"
2019/6/1,汽油,雲林縣,"421,626"
2019/6/1,汽油,嘉義縣,"322,099"
2019/6/1,汽油,屏東縣,"607,321"
2019/6/1,汽油,臺東縣,"151,616"
2019/6/1,汽油,花蓮縣,"196,059"
2019/6/1,汽油,澎湖縣,"76,048"
2019/6/1,汽油,基隆市,"181,773"
2019/6/1,汽油,新竹市,"261,129"
2019/6/1,汽油,嘉義市,"173,377"
2019/6/1,汽油,金門縣,"63,842"
2019/6/1,汽油,連江縣,"6,691"
2019/6/1,電能,新北市,"34,647"
2019/6/1,電能,臺北市,"23,647"
2019/6/1,電能,桃園市,"50,598"
2019/6/1,電能,臺中市,"29,819"
2019/6/1,電能,臺南市,"22,145"
2019/6/1,電能,高雄市,"34,905"
2019/6/1,電能,宜蘭縣,"2,293"
2019/6/1,電能,新竹縣,"3,637"
2019/6/1,電能,苗栗縣,"1,775"
2019/6/1,電能,彰化縣,"6,779"
2019/6/1,電能,南投縣,"2,399"
2019/6/1,電能,雲林縣,"5,579"
2019/6/1,電能,嘉義縣,"2,652"
2019/6/1,電能,屏東縣,"9,584"
2019/6/1,電能,臺東縣,"2,110"
2019/6/1,電能,花蓮縣,"4,574"
2019/6/1,電能,澎湖縣,"3,288"
2019/6/1,電能,基隆市,"1,126"
2019/6/1,電能,新竹市,"4,158"
2019/6/1,電能,嘉義市,"2,937"
2019/6/1,電能,金門縣,"1,705"
2019/6/1,電能,連江縣,120
2019/7/1,汽油,新北市,"2,154,254"
2019/7/1,汽油,臺北市,"919,669"
2019/7/1,汽油,桃園市,"1,159,497"
2019/7/1,汽油,臺中市,"1,687,011"
2019/7/1,汽油,臺南市,"1,285,036"
2019/7/1,汽油,高雄市,"1,983,442"
2019/7/1,汽油,宜蘭縣,"266,370"
2019/7/1,汽油,新竹縣,"292,355"
2019/7/1,汽油,苗栗縣,"317,688"
2019/7/1,汽油,彰化縣,"808,509"
2019/7/1,汽油,南投縣,"308,577"
2019/7/1,汽油,雲林縣,"421,600"
2019/7/1,汽油,嘉義縣,"321,998"
2019/7/1,汽油,屏東縣,"606,801"
2019/7/1,汽油,臺東縣,"151,378"
2019/7/1,汽油,花蓮縣,"196,143"
2019/7/1,汽油,澎湖縣,"76,096"
2019/7/1,汽油,基隆市,"181,792"
2019/7/1,汽油,新竹市,"261,238"
2019/7/1,汽油,嘉義市,"173,259"
2019/7/1,汽油,金門縣,"64,087"
2019/7/1,汽油,連江縣,"6,708"
2019/7/1,電能,新北市,"36,135"
2019/7/1,電能,臺北市,"25,000"
2019/7/1,電能,桃園市,"52,751"
2019/7/1,電能,臺中市,"31,368"
2019/7/1,電能,臺南市,"23,572"
2019/7/1,電能,高雄市,"36,324"
2019/7/1,電能,宜蘭縣,"2,536"
2019/7/1,電能,新竹縣,"4,190"
2019/7/1,電能,苗栗縣,"1,840"
2019/7/1,電能,彰化縣,"7,266"
2019/7/1,電能,南投縣,"2,550"
2019/7/1,電能,雲林縣,"5,904"
2019/7/1,電能,嘉義縣,"2,835"
2019/7/1,電能,屏東縣,"9,986"
2019/7/1,電能,臺東縣,"2,161"
2019/7/1,電能,花蓮縣,"4,755"
2019/7/1,電能,澎湖縣,"3,274"
2019/7/1,電能,基隆市,"1,180"
2019/7/1,電能,新竹市,"4,327"
2019/7/1,電能,嘉義市,"3,027"
2019/7/1,電能,金門縣,"1,763"
2019/7/1,電能,連江縣,121
2019/8/1,汽油,新北市,"2,153,823"
2019/8/1,汽油,臺北市,"918,448"
2019/8/1,汽油,桃園市,"1,161,221"
2019/8/1,汽油,臺中市,"1,686,563"
2019/8/1,汽油,臺南市,"1,284,845"
2019/8/1,汽油,高雄市,"1,983,017"
2019/8/1,汽油,宜蘭縣,"266,283"
2019/8/1,汽油,新竹縣,"292,756"
2019/8/1,汽油,苗栗縣,"317,701"
2019/8/1,汽油,彰化縣,"808,640"
2019/8/1,汽油,南投縣,"307,843"
2019/8/1,汽油,雲林縣,"421,723"
2019/8/1,汽油,嘉義縣,"321,824"
2019/8/1,汽油,屏東縣,"606,405"
2019/8/1,汽油,臺東縣,"151,247"
2019/8/1,汽油,花蓮縣,"196,093"
2019/8/1,汽油,澎湖縣,"76,163"
2019/8/1,汽油,基隆市,"181,901"
2019/8/1,汽油,新竹市,"261,432"
2019/8/1,汽油,嘉義市,"173,281"
2019/8/1,汽油,金門縣,"64,263"
2019/8/1,汽油,連江縣,"6,724"
2019/8/1,電能,新北市,"37,772"
2019/8/1,電能,臺北市,"26,130"
2019/8/1,電能,桃園市,"54,969"
2019/8/1,電能,臺中市,"32,913"
2019/8/1,電能,臺南市,"24,941"
2019/8/1,電能,高雄市,"37,720"
2019/8/1,電能,宜蘭縣,"2,813"
2019/8/1,電能,新竹縣,"4,685"
2019/8/1,電能,苗栗縣,"1,940"
2019/8/1,電能,彰化縣,"7,687"
2019/8/1,電能,南投縣,"2,746"
2019/8/1,電能,雲林縣,"6,224"
2019/8/1,電能,嘉義縣,"3,040"
2019/8/1,電能,屏東縣,"10,401"
2019/8/1,電能,臺東縣,"2,183"
2019/8/1,電能,花蓮縣,"4,827"
2019/8/1,電能,澎湖縣,"3,361"
2019/8/1,電能,基隆市,"1,255"
2019/8/1,電能,新竹市,"4,645"
2019/8/1,電能,嘉義市,"3,132"
2019/8/1,電能,金門縣,"1,793"
2019/8/1,電能,連江縣,124
2019/9/1,汽油,新北市,"2,154,567"
2019/9/1,汽油,臺北市,"917,196"
2019/9/1,汽油,桃園市,"1,164,102"
2019/9/1,汽油,臺中市,"1,688,810"
2019/9/1,汽油,臺南市,"1,285,351"
2019/9/1,汽油,高雄市,"1,984,445"
2019/9/1,汽油,宜蘭縣,"266,406"
2019/9/1,汽油,新竹縣,"293,493"
2019/9/1,汽油,苗栗縣,"318,196"
2019/9/1,汽油,彰化縣,"809,168"
2019/9/1,汽油,南投縣,"308,065"
2019/9/1,汽油,雲林縣,"422,153"
2019/9/1,汽油,嘉義縣,"321,847"
2019/9/1,汽油,屏東縣,"606,543"
2019/9/1,汽油,臺東縣,"151,323"
2019/9/1,汽油,花蓮縣,"196,093"
2019/9/1,汽油,澎湖縣,"76,259"
2019/9/1,汽油,基隆市,"182,083"
2019/9/1,汽油,新竹市,"261,879"
2019/9/1,汽油,嘉義市,"173,400"
2019/9/1,汽油,金門縣,"64,470"
2019/9/1,汽油,連江縣,"6,729"
2019/9/1,電能,新北市,"39,492"
2019/9/1,電能,臺北市,"27,726"
2019/9/1,電能,桃園市,"56,643"
2019/9/1,電能,臺中市,"34,653"
2019/9/1,電能,臺南市,"26,449"
2019/9/1,電能,高雄市,"39,062"
2019/9/1,電能,宜蘭縣,"3,159"
2019/9/1,電能,新竹縣,"5,314"
2019/9/1,電能,苗栗縣,"2,027"
2019/9/1,電能,彰化縣,"8,235"
2019/9/1,電能,南投縣,"2,938"
2019/9/1,電能,雲林縣,"6,658"
2019/9/1,電能,嘉義縣,"3,302"
2019/9/1,電能,屏東縣,"10,724"
2019/9/1,電能,臺東縣,"2,202"
2019/9/1,電能,花蓮縣,"4,897"
2019/9/1,電能,澎湖縣,"3,323"
2019/9/1,電能,基隆市,"1,321"
2019/9/1,電能,新竹市,"4,819"
2019/9/1,電能,嘉義市,"3,317"
2019/9/1,電能,金門縣,"1,854"
2019/9/1,電能,連江縣,124
2019/10/1,汽油,新北市,"2,153,371"
2019/10/1,汽油,臺北市,"915,140"
2019/10/1,汽油,桃園市,"1,165,558"
2019/10/1,汽油,臺中市,"1,688,953"
2019/10/1,汽油,臺南市,"1,284,558"
2019/10/1,汽油,高雄市,"1,983,376"
2019/10/1,汽油,宜蘭縣,"266,195"
2019/10/1,汽油,新竹縣,"293,853"
2019/10/1,汽油,苗栗縣,"318,066"
2019/10/1,汽油,彰化縣,"808,873"
2019/10/1,汽油,南投縣,"307,884"
2019/10/1,汽油,雲林縣,"422,190"
2019/10/1,汽油,嘉義縣,"321,484"
2019/10/1,汽油,屏東縣,"606,277"
2019/10/1,汽油,臺東縣,"151,131"
2019/10/1,汽油,花蓮縣,"196,178"
2019/10/1,汽油,澎湖縣,"76,310"
2019/10/1,汽油,基隆市,"181,749"
2019/10/1,汽油,新竹市,"261,907"
2019/10/1,汽油,嘉義市,"173,441"
2019/10/1,汽油,金門縣,"64,620"
2019/10/1,汽油,連江縣,"6,766"
2019/10/1,電能,新北市,"41,733"
2019/10/1,電能,臺北市,"30,325"
2019/10/1,電能,桃園市,"60,595"
2019/10/1,電能,臺中市,"36,969"
2019/10/1,電能,臺南市,"28,572"
2019/10/1,電能,高雄市,"40,885"
2019/10/1,電能,宜蘭縣,"3,611"
2019/10/1,電能,新竹縣,"5,623"
2019/10/1,電能,苗栗縣,"2,130"
2019/10/1,電能,彰化縣,"8,921"
2019/10/1,電能,南投縣,"3,158"
2019/10/1,電能,雲林縣,"7,199"
2019/10/1,電能,嘉義縣,"3,442"
2019/10/1,電能,屏東縣,"11,265"
2019/10/1,電能,臺東縣,"2,227"
2019/10/1,電能,花蓮縣,"4,875"
2019/10/1,電能,澎湖縣,"3,336"
2019/10/1,電能,基隆市,"1,446"
2019/10/1,電能,新竹市,"5,064"
2019/10/1,電能,嘉義市,"3,585"
2019/10/1,電能,金門縣,"1,911"
2019/10/1,電能,連江縣,125
2019/11/1,汽油,新北市,"2,152,197"
2019/11/1,汽油,臺北市,"913,837"
2019/11/1,汽油,桃園市,"1,166,407"
2019/11/1,汽油,臺中市,"1,688,788"
2019/11/1,汽油,臺南市,"1,284,147"
2019/11/1,汽油,高雄市,"1,981,935"
2019/11/1,汽油,宜蘭縣,"265,874"
2019/11/1,汽油,新竹縣,"293,867"
2019/11/1,汽油,苗栗縣,"317,860"
2019/11/1,汽油,彰化縣,"807,903"
2019/11/1,汽油,南投縣,"307,781"
2019/11/1,汽油,雲林縣,"421,726"
2019/11/1,汽油,嘉義縣,"321,392"
2019/11/1,汽油,屏東縣,"605,811"
2019/11/1,汽油,臺東縣,"151,052"
2019/11/1,汽油,花蓮縣,"196,081"
2019/11/1,汽油,澎湖縣,"76,281"
2019/11/1,汽油,基隆市,"181,676"
2019/11/1,汽油,新竹市,"261,966"
2019/11/1,汽油,嘉義市,"173,402"
2019/11/1,汽油,金門縣,"64,838"
2019/11/1,汽油,連江縣,"6,794"
2019/11/1,電能,新北市,"44,741"
2019/11/1,電能,臺北市,"35,963"
2019/11/1,電能,桃園市,"64,010"
2019/11/1,電能,臺中市,"39,633"
2019/11/1,電能,臺南市,"31,156"
2019/11/1,電能,高雄市,"43,643"
2019/11/1,電能,宜蘭縣,"4,162"
2019/11/1,電能,新竹縣,"5,935"
2019/11/1,電能,苗栗縣,"2,277"
2019/11/1,電能,彰化縣,"10,050"
2019/11/1,電能,南投縣,"3,444"
2019/11/1,電能,雲林縣,"7,964"
2019/11/1,電能,嘉義縣,"3,602"
2019/11/1,電能,屏東縣,"11,867"
2019/11/1,電能,臺東縣,"2,296"
2019/11/1,電能,花蓮縣,"4,654"
2019/11/1,電能,澎湖縣,"3,299"
2019/11/1,電能,基隆市,"1,540"
2019/11/1,電能,新竹市,"5,362"
2019/11/1,電能,嘉義市,"3,791"
2019/11/1,電能,金門縣,"1,962"
2019/11/1,電能,連江縣,126
2019/12/1,汽油,新北市,"2,150,088"
2019/12/1,汽油,臺北市,"912,127"
2019/12/1,汽油,桃園市,"1,166,431"
2019/12/1,汽油,臺中市,"1,686,594"
2019/12/1,汽油,臺南市,"1,282,914"
2019/12/1,汽油,高雄市,"1,982,089"
2019/12/1,汽油,宜蘭縣,"265,646"
2019/12/1,汽油,新竹縣,"293,893"
2019/12/1,汽油,苗栗縣,"317,989"
2019/12/1,汽油,彰化縣,"808,091"
2019/12/1,汽油,南投縣,"307,630"
2019/12/1,汽油,雲林縣,"421,072"
2019/12/1,汽油,嘉義縣,"320,914"
2019/12/1,汽油,屏東縣,"605,357"
2019/12/1,汽油,臺東縣,"151,118"
2019/12/1,汽油,花蓮縣,"195,901"
2019/12/1,汽油,澎湖縣,"76,302"
2019/12/1,汽油,基隆市,"181,621"
2019/12/1,汽油,新竹市,"262,127"
2019/12/1,汽油,嘉義市,"173,315"
2019/12/1,汽油,金門縣,"64,979"
2019/12/1,汽油,連江縣,"6,781"
2019/12/1,電能,新北市,"48,006"
2019/12/1,電能,臺北市,"39,927"
2019/12/1,電能,桃園市,"69,833"
2019/12/1,電能,臺中市,"43,649"
2019/12/1,電能,臺南市,"34,777"
2019/12/1,電能,高雄市,"46,610"
2019/12/1,電能,宜蘭縣,"4,573"
2019/12/1,電能,新竹縣,"6,296"
2019/12/1,電能,苗栗縣,"2,478"
2019/12/1,電能,彰化縣,"10,527"
2019/12/1,電能,南投縣,"3,827"
2019/12/1,電能,雲林縣,"9,063"
2019/12/1,電能,嘉義縣,"3,729"
2019/12/1,電能,屏東縣,"12,824"
2019/12/1,電能,臺東縣,"2,394"
2019/12/1,電能,花蓮縣,"4,696"
2019/12/1,電能,澎湖縣,"3,309"
2019/12/1,電能,基隆市,"1,667"
2019/12/1,電能,新竹市,"5,721"
2019/12/1,電能,嘉義市,"3,887"
2019/12/1,電能,金門縣,"2,013"
2019/12/1,電能,連江縣,128
2020/1/1,汽油,新北市,"2,148,664"
2020/1/1,汽油,臺北市,"911,256"
2020/1/1,汽油,桃園市,"1,167,314"
2020/1/1,汽油,臺中市,"1,686,558"
2020/1/1,汽油,臺南市,"1,281,450"
2020/1/1,汽油,高雄市,"1,981,443"
2020/1/1,汽油,宜蘭縣,"265,535"
2020/1/1,汽油,新竹縣,"293,944"
2020/1/1,汽油,苗栗縣,"317,890"
2020/1/1,汽油,彰化縣,"807,744"
2020/1/1,汽油,南投縣,"307,521"
2020/1/1,汽油,雲林縣,"420,950"
2020/1/1,汽油,嘉義縣,"320,865"
2020/1/1,汽油,屏東縣,"604,821"
2020/1/1,汽油,臺東縣,"151,073"
2020/1/1,汽油,花蓮縣,"195,706"
2020/1/1,汽油,澎湖縣,"76,293"
2020/1/1,汽油,基隆市,"181,631"
2020/1/1,汽油,新竹市,"262,147"
2020/1/1,汽油,嘉義市,"173,096"
2020/1/1,汽油,金門縣,"65,136"
2020/1/1,汽油,連江縣,"6,769"
2020/1/1,電能,新北市,"48,225"
2020/1/1,電能,臺北市,"40,225"
2020/1/1,電能,桃園市,"69,546"
2020/1/1,電能,臺中市,"43,864"
2020/1/1,電能,臺南市,"35,174"
2020/1/1,電能,高雄市,"47,143"
2020/1/1,電能,宜蘭縣,"4,585"
2020/1/1,電能,新竹縣,"6,369"
2020/1/1,電能,苗栗縣,"2,510"
2020/1/1,電能,彰化縣,"10,577"
2020/1/1,電能,南投縣,"3,862"
2020/1/1,電能,雲林縣,"9,072"
2020/1/1,電能,嘉義縣,"3,728"
2020/1/1,電能,屏東縣,"12,956"
2020/1/1,電能,臺東縣,"2,409"
2020/1/1,電能,花蓮縣,"4,767"
2020/1/1,電能,澎湖縣,"3,303"
2020/1/1,電能,基隆市,"1,685"
2020/1/1,電能,新竹市,"5,773"
2020/1/1,電能,嘉義市,"3,925"
2020/1/1,電能,金門縣,"2,023"
2020/1/1,電能,連江縣,130
2020/2/1,汽油,新北市,"2,149,357"
2020/2/1,汽油,臺北市,"910,049"
2020/2/1,汽油,桃園市,"1,169,112"
2020/2/1,汽油,臺中市,"1,687,732"
2020/2/1,汽油,臺南市,"1,282,031"
2020/2/1,汽油,高雄市,"1,981,312"
2020/2/1,汽油,宜蘭縣,"265,545"
2020/2/1,汽油,新竹縣,"294,278"
2020/2/1,汽油,苗栗縣,"317,994"
2020/2/1,汽油,彰化縣,"807,848"
2020/2/1,汽油,南投縣,"307,613"
2020/2/1,汽油,雲林縣,"421,209"
2020/2/1,汽油,嘉義縣,"321,088"
2020/2/1,汽油,屏東縣,"605,124"
2020/2/1,汽油,臺東縣,"151,145"
2020/2/1,汽油,花蓮縣,"195,822"
2020/2/1,汽油,澎湖縣,"76,419"
2020/2/1,汽油,基隆市,"181,697"
2020/2/1,汽油,新竹市,"262,426"
2020/2/1,汽油,嘉義市,"173,041"
2020/2/1,汽油,金門縣,"65,126"
2020/2/1,汽油,連江縣,"6,770"
2020/2/1,電能,新北市,"49,003"
2020/2/1,電能,臺北市,"40,894"
2020/2/1,電能,桃園市,"70,079"
2020/2/1,電能,臺中市,"45,222"
2020/2/1,電能,臺南市,"35,991"
2020/2/1,電能,高雄市,"48,345"
2020/2/1,電能,宜蘭縣,"4,611"
2020/2/1,電能,新竹縣,"6,546"
2020/2/1,電能,苗栗縣,"2,608"
2020/2/1,電能,彰化縣,"10,855"
2020/2/1,電能,南投縣,"3,941"
2020/2/1,電能,雲林縣,"9,174"
2020/2/1,電能,嘉義縣,"3,791"
2020/2/1,電能,屏東縣,"13,205"
2020/2/1,電能,臺東縣,"2,530"
2020/2/1,電能,花蓮縣,"4,906"
2020/2/1,電能,澎湖縣,"3,274"
2020/2/1,電能,基隆市,"1,743"
2020/2/1,電能,新竹市,"5,906"
2020/2/1,電能,嘉義市,"4,067"
2020/2/1,電能,金門縣,"2,044"
2020/2/1,電能,連江縣,131
